-- Gudang Mitra Database Export for CloudPanel
-- Generated on 2025-05-04T10:05:30.590Z

-- Create database if it doesn't exist
CREATE DATABASE IF NOT EXISTS `gudang1` DEFAULT CHARACTER SET utf8mb4 COLLATE utf8mb4_unicode_ci;
USE `gudang1`;

-- Table structure for table `categories`
DROP TABLE IF EXISTS `categories`;
CREATE TABLE `categories` (
  `id` varchar(36) NOT NULL,
  `name` varchar(100) NOT NULL,
  `description` text,
  `created_at` timestamp NOT NULL DEFAULT CURRENT_TIMESTAMP
) ENGINE=InnoDB DEFAULT CHARSET=latin1;

-- Data for table `categories`
INSERT INTO `categories` VALUES
('1f34fae5-830b-4c6c-9092-7ea7c1f11433', 'Hardware', 'Computer hardware and peripherals', '2025-05-01 08:05:16'),
('58043a89-b0f8-4235-93af-3cc1b83fb4f9', 'Office', 'Software applications and licenses', '2025-05-01 08:05:16'),
('69aff729-c1a2-4a30-9c6c-ce52163c21ea', 'Other', 'ATK', '2025-05-01 12:03:07'),
('b394c999-8efb-43fe-b697-f8e560891a57', 'Cleaning Materials', 'A&B', '2025-05-01 21:39:50');

-- Table structure for table `comments`
DROP TABLE IF EXISTS `comments`;
CREATE TABLE `comments` (
  `id` varchar(36) NOT NULL,
  `request_id` varchar(36) NOT NULL,
  `user_id` varchar(36) NOT NULL,
  `content` text NOT NULL,
  `created_at` timestamp NOT NULL DEFAULT CURRENT_TIMESTAMP
) ENGINE=InnoDB DEFAULT CHARSET=latin1;

-- Data for table `comments`
INSERT INTO `comments` VALUES
('3a9abf41-f549-4608-b819-0b9b5bcf9781', '25d67ba7-a2b8-4815-9e09-5db474fa95ac', '733dce62-3971-4448-8fc7-2d5e77928b00', 'Approved. New laptop will be ordered soon.', '2025-05-01 08:05:16'),
('dcef3f07-6a07-4550-ae77-876c038c0e73', '2dc53600-8014-4016-b448-1fe4d05ef85f', '89590657-dc7d-4541-8316-8f0b10c993cc', 'take it', '2025-05-02 22:54:40');

-- Table structure for table `inventory_items`
DROP TABLE IF EXISTS `inventory_items`;
CREATE TABLE `inventory_items` (
  `id` varchar(36) NOT NULL,
  `name` varchar(255) NOT NULL,
  `description` text,
  `category_id` varchar(36) NOT NULL,
  `sku` varchar(50) DEFAULT NULL,
  `quantity_available` int NOT NULL DEFAULT '0',
  `quantity_reserved` int NOT NULL DEFAULT '0',
  `unit_price` decimal(10,2) DEFAULT NULL,
  `location` varchar(100) DEFAULT NULL,
  `image_url` varchar(255) DEFAULT NULL,
  `created_at` timestamp NOT NULL DEFAULT CURRENT_TIMESTAMP,
  `updated_at` timestamp NOT NULL DEFAULT CURRENT_TIMESTAMP ON UPDATE CURRENT_TIMESTAMP
) ENGINE=InnoDB DEFAULT CHARSET=latin1;

-- Data for table `inventory_items`
INSERT INTO `inventory_items` VALUES
('01a9f50b-21c5-40ac-9a19-995b93c3ed1e', 'Buku Saku', NULL, '58043a89-b0f8-4235-93af-3cc1b83fb4f9', NULL, 5, 0, NULL, NULL, NULL, '2025-05-01 12:41:30', '2025-05-01 12:41:30'),
('01e1d4c9-4af1-423a-bb95-180fdd4b72b9', 'Kertas HVS A4 Merah', NULL, '58043a89-b0f8-4235-93af-3cc1b83fb4f9', NULL, 5, 0, NULL, NULL, NULL, '2025-05-01 12:42:03', '2025-05-01 12:42:03'),
('02ff778e-e679-4dff-b7d7-4ff7609ff847', 'Tisu Multi Orange', NULL, '58043a89-b0f8-4235-93af-3cc1b83fb4f9', NULL, 5, 0, NULL, NULL, NULL, '2025-05-01 12:42:06', '2025-05-01 12:42:06'),
('04ed54fd-aa8f-4333-82f0-78548ed52db9', 'Map Batik', NULL, '58043a89-b0f8-4235-93af-3cc1b83fb4f9', NULL, 5, 0, NULL, NULL, NULL, '2025-05-01 12:41:45', '2025-05-01 12:41:45'),
('05dfa177-099d-4c16-9db5-b4fc9ee7825a', 'Isi Cutter', NULL, '58043a89-b0f8-4235-93af-3cc1b83fb4f9', NULL, 5, 0, NULL, NULL, NULL, '2025-05-01 12:41:36', '2025-05-01 12:41:36'),
('0847ce1a-ae51-48ce-a5d7-7912664a2c88', 'Keset', NULL, '58043a89-b0f8-4235-93af-3cc1b83fb4f9', NULL, 5, 0, NULL, NULL, NULL, '2025-05-01 12:42:20', '2025-05-01 12:42:20'),
('08a160e0-8caa-4e0b-8a31-f68c8d9513c1', 'Map Coklat', NULL, '58043a89-b0f8-4235-93af-3cc1b83fb4f9', NULL, 5, 0, NULL, NULL, NULL, '2025-05-01 12:42:05', '2025-05-01 12:42:05'),
('0ad3889e-2f3a-4855-8a26-b5e695a4ce3d', 'Sabun Colek Ekonomi (ember)', NULL, '58043a89-b0f8-4235-93af-3cc1b83fb4f9', NULL, 5, 0, NULL, NULL, NULL, '2025-05-01 12:42:13', '2025-05-01 12:42:13'),
('0b349766-5fb7-4de5-9ffd-1fb368583039', 'Baterai Alkaline A3', NULL, '58043a89-b0f8-4235-93af-3cc1b83fb4f9', NULL, 5, 0, NULL, NULL, NULL, '2025-05-01 12:41:34', '2025-05-01 12:41:34'),
('0b9ba436-95f8-4f49-9dcb-2c4974bde178', 'Spidol Snowman Hitam', NULL, '58043a89-b0f8-4235-93af-3cc1b83fb4f9', NULL, 5, 0, NULL, NULL, NULL, '2025-05-01 12:41:40', '2025-05-01 12:41:40'),
('0d317766-f21d-459f-9d83-288609ef3587', 'Isi Strepless No. 10-1M', NULL, '58043a89-b0f8-4235-93af-3cc1b83fb4f9', NULL, 5, 0, NULL, NULL, NULL, '2025-05-01 12:41:27', '2025-05-01 12:41:27'),
('0da1cb45-4579-4770-bc97-284de405d5c9', 'Bantek Hitam Kecil', NULL, '58043a89-b0f8-4235-93af-3cc1b83fb4f9', NULL, 5, 0, NULL, NULL, NULL, '2025-05-01 12:41:54', '2025-05-02 22:54:20'),
('0edc8920-0195-4b76-9c7c-ebd9f9e86bd2', 'Kertas Buffalo A4 Kuning', NULL, '58043a89-b0f8-4235-93af-3cc1b83fb4f9', NULL, 5, 0, NULL, NULL, NULL, '2025-05-01 12:42:05', '2025-05-01 12:42:05'),
('0ef889f7-ae31-486c-ba49-0e6a9206bfc8', 'Penggaris 30 cm', NULL, '58043a89-b0f8-4235-93af-3cc1b83fb4f9', NULL, 5, 0, NULL, NULL, NULL, '2025-05-01 12:41:24', '2025-05-01 12:41:24'),
('10a309a6-a64b-4a45-a031-20700a362a76', 'Spidol Snowman Merah', NULL, '58043a89-b0f8-4235-93af-3cc1b83fb4f9', NULL, 5, 0, NULL, NULL, NULL, '2025-05-01 12:41:39', '2025-05-01 12:41:39'),
('1312c56c-f71f-42c5-9813-fd91b16d9d12', 'Kertas Concord F4', NULL, '58043a89-b0f8-4235-93af-3cc1b83fb4f9', NULL, 5, 0, NULL, NULL, NULL, '2025-05-01 12:42:05', '2025-05-01 12:42:05'),
('14b93842-074f-4aac-a685-f6643ad6f7b3', 'Revil Stamp Pad INK Mini', NULL, '58043a89-b0f8-4235-93af-3cc1b83fb4f9', NULL, 5, 0, NULL, NULL, NULL, '2025-05-01 12:41:33', '2025-05-01 12:41:33'),
('1518a1b8-37ec-4b80-bc92-7c09a373cb26', 'Chif', NULL, '58043a89-b0f8-4235-93af-3cc1b83fb4f9', NULL, 5, 0, NULL, NULL, NULL, '2025-05-01 12:42:16', '2025-05-01 12:42:16'),
('1597d193-701a-4033-965f-9421c3132d02', 'Lakban Kuning 2 In', NULL, '58043a89-b0f8-4235-93af-3cc1b83fb4f9', NULL, 5, 0, NULL, NULL, NULL, '2025-05-01 12:41:21', '2025-05-01 12:41:21'),
('160cb02a-54b1-49ff-be18-1b832c43fbe6', 'Penggaris besi 15 cm', NULL, '58043a89-b0f8-4235-93af-3cc1b83fb4f9', NULL, 5, 0, NULL, NULL, NULL, '2025-05-01 12:41:24', '2025-05-01 12:41:24'),
('1795936d-03b0-47af-ac17-b05319d099d7', 'Pulpen Standar Merah', NULL, '58043a89-b0f8-4235-93af-3cc1b83fb4f9', NULL, 5, 0, NULL, NULL, NULL, '2025-05-01 12:41:30', '2025-05-01 12:41:30'),
('1848497a-7997-4d36-84d5-0ca480bfe539', 'Kertas HVS A4 Orange', NULL, '58043a89-b0f8-4235-93af-3cc1b83fb4f9', NULL, 5, 0, NULL, NULL, NULL, '2025-05-01 12:42:04', '2025-05-01 12:42:04'),
('1986f080-e7e6-44c1-b12b-74d2b387a93e', 'Revil Stamp Pad INK Merk Piramid', NULL, '58043a89-b0f8-4235-93af-3cc1b83fb4f9', NULL, 5, 0, NULL, NULL, NULL, '2025-05-01 12:41:32', '2025-05-01 12:41:32'),
('198e3afb-75c7-47e0-a001-cd02479c3495', 'Sikat tangan', NULL, '58043a89-b0f8-4235-93af-3cc1b83fb4f9', NULL, 5, 0, NULL, NULL, NULL, '2025-05-01 12:42:20', '2025-05-01 12:42:20'),
('1a2b3c4d-5e6f-7g8h-9i0j-1k2l3m4n5o6p', 'Dell XPS 15 Laptop', 'High-performance laptop with 16GB RAM, 512GB SSD, and Intel Core i7 processor', '1f34fae5-830b-4c6c-9092-7ea7c1f11433', 'DELL-XPS15-001', 1, 12, '1499.99', 'Warehouse A, Shelf 3', 'https://example.com/images/dell-xps-15.jpg', '2025-05-01 08:45:54', '2025-05-03 13:36:33'),
('1b390c7e-892f-45af-88a0-8a7c744e79b4', 'Kertas KOP', NULL, '58043a89-b0f8-4235-93af-3cc1b83fb4f9', NULL, 5, 0, NULL, NULL, NULL, '2025-05-01 12:41:48', '2025-05-01 12:41:48'),
('1c895e6c-6a83-4b2c-b058-7384994d34f5', 'Line Siku', NULL, '58043a89-b0f8-4235-93af-3cc1b83fb4f9', NULL, 5, 0, NULL, NULL, NULL, '2025-05-01 12:41:55', '2025-05-01 12:41:55'),
('1d98bfa5-7130-4576-8db0-6d79a8e0ac0a', 'Kertas HVS A4', NULL, '58043a89-b0f8-4235-93af-3cc1b83fb4f9', NULL, 5, 0, NULL, NULL, NULL, '2025-05-01 12:41:24', '2025-05-01 12:41:24'),
('1e782aa5-4ef2-4904-90bd-6800392777a9', 'Spidol Snowman Biru', NULL, '58043a89-b0f8-4235-93af-3cc1b83fb4f9', NULL, 5, 0, NULL, NULL, NULL, '2025-05-01 12:41:40', '2025-05-01 12:41:40'),
('2112989c-270d-4b53-87b2-57a8ddfd8e43', 'Glade Semprot', NULL, '58043a89-b0f8-4235-93af-3cc1b83fb4f9', NULL, 5, 0, NULL, NULL, NULL, '2025-05-01 12:42:08', '2025-05-01 12:42:08'),
('2287a043-33ad-408e-a9a6-7927cf70e93e', 'Tinta Spidol Faber Castel', NULL, '58043a89-b0f8-4235-93af-3cc1b83fb4f9', NULL, 5, 0, NULL, NULL, NULL, '2025-05-01 12:41:43', '2025-05-01 12:41:43'),
('23bf99d4-e2f8-42c6-914e-33814c8553bc', 'Plastik Laminating', NULL, '58043a89-b0f8-4235-93af-3cc1b83fb4f9', NULL, 5, 0, NULL, NULL, NULL, '2025-05-01 12:41:52', '2025-05-01 12:41:52'),
('23d1748e-c238-40e0-aef1-5e485c90a219', 'Refill INK Biru', NULL, '58043a89-b0f8-4235-93af-3cc1b83fb4f9', NULL, 5, 0, NULL, NULL, NULL, '2025-05-01 12:41:39', '2025-05-01 12:41:39'),
('24045f80-e3d2-4ef2-bd58-a95cc0e68e04', 'Pita Biru', NULL, '58043a89-b0f8-4235-93af-3cc1b83fb4f9', NULL, 5, 0, NULL, NULL, NULL, '2025-05-01 12:41:57', '2025-05-01 12:41:57'),
('24c118a9-2a91-43f7-9f5a-13ff4c83c5c4', 'Bola Volly', '', '69aff729-c1a2-4a30-9c6c-ce52163c21ea', '', 5, 0, NULL, '', '', '2025-05-01 12:42:19', '2025-05-02 22:10:16'),
('28eeee84-d0ab-4004-b6de-4ba2d8c395d3', 'Tongkat sapu kayu', NULL, '58043a89-b0f8-4235-93af-3cc1b83fb4f9', NULL, 5, 0, NULL, NULL, NULL, '2025-05-01 12:42:26', '2025-05-01 12:42:26'),
('296304b2-1ef4-414a-8f5c-3ac43bb680d3', 'Pita merah', NULL, '58043a89-b0f8-4235-93af-3cc1b83fb4f9', NULL, 5, 0, NULL, NULL, NULL, '2025-05-01 12:41:57', '2025-05-01 12:41:57'),
('297db301-00be-48ba-9197-bc004a3e3795', 'Isi Priter label it', NULL, '58043a89-b0f8-4235-93af-3cc1b83fb4f9', NULL, 5, 0, NULL, NULL, NULL, '2025-05-01 12:41:33', '2025-05-01 12:41:33'),
('29f8108f-340e-421f-b7e8-1c839ae42100', 'Penghapus Papan Tulis', NULL, '58043a89-b0f8-4235-93af-3cc1b83fb4f9', NULL, 5, 0, NULL, NULL, NULL, '2025-05-01 12:41:32', '2025-05-01 12:41:32'),
('2acac9a2-2d13-41d8-b510-25924ccbb7b7', 'Tinta Printer Epson 664 Biru', NULL, '58043a89-b0f8-4235-93af-3cc1b83fb4f9', NULL, 5, 0, NULL, NULL, NULL, '2025-05-01 12:41:42', '2025-05-01 12:41:42'),
('2b3c4d5e-6f7g-8h9i-0j1k-2l3m4n5o6p7q', 'HP LaserJet Pro Printer', 'Color laser printer with wireless connectivity and duplex printing', '1f34fae5-830b-4c6c-9092-7ea7c1f11433', 'HP-LASER-002', 4, 2, '349.99', 'Warehouse A, Shelf 5', 'https://example.com/images/hp-laserjet.jpg', '2025-05-01 08:45:54', '2025-05-01 09:58:52'),
('2c3ec584-75c8-4830-9c0b-1768e5d0bac4', 'Lakban Kertas Kecil', NULL, '58043a89-b0f8-4235-93af-3cc1b83fb4f9', NULL, 5, 0, NULL, NULL, NULL, '2025-05-01 12:41:19', '2025-05-01 12:41:19'),
('2d656780-4de2-4de7-af37-a41dacdb5808', 'Kertas HVS A4 Hijau', NULL, '58043a89-b0f8-4235-93af-3cc1b83fb4f9', NULL, 5, 0, NULL, NULL, NULL, '2025-05-01 12:42:03', '2025-05-01 12:42:03'),
('2ea9c3c0-0214-4200-9e85-ca1e9f2f5c87', 'Tongkat pel Plastik', NULL, '58043a89-b0f8-4235-93af-3cc1b83fb4f9', NULL, 5, 0, NULL, NULL, NULL, '2025-05-01 12:42:26', '2025-05-01 12:42:26'),
('2fd7eda1-64a5-4c5a-854c-f4e4b12788c3', 'Porstex Biru', NULL, '58043a89-b0f8-4235-93af-3cc1b83fb4f9', NULL, 5, 0, NULL, NULL, NULL, '2025-05-01 12:42:15', '2025-05-01 12:42:15'),
('2fe8d860-0025-4016-8708-5ae7dfe85048', 'Papan Ujian', NULL, '58043a89-b0f8-4235-93af-3cc1b83fb4f9', NULL, 5, 0, NULL, NULL, NULL, '2025-05-01 12:41:52', '2025-05-01 12:41:52'),
('30a478b3-ef1f-4f43-a148-7ed078f8ed5c', 'Tinta Printer Epson 003 Biru', NULL, '58043a89-b0f8-4235-93af-3cc1b83fb4f9', NULL, 5, 0, NULL, NULL, NULL, '2025-05-01 12:41:44', '2025-05-01 12:41:44'),
('30a6a4d3-6960-47de-9eb8-a523a682a6ea', 'Casing stella otomatis ', NULL, '58043a89-b0f8-4235-93af-3cc1b83fb4f9', NULL, 5, 0, NULL, NULL, NULL, '2025-05-01 12:42:09', '2025-05-01 12:42:09'),
('30b7f232-b823-4288-9991-0a18784fe31c', 'Whiteboard', NULL, '1f34fae5-830b-4c6c-9092-7ea7c1f11433', NULL, 5, 0, NULL, NULL, NULL, '2025-05-01 12:41:18', '2025-05-01 12:41:18'),
('30c3e249-af28-4c85-9b74-521294ca5ae4', 'Clear Holder', NULL, '58043a89-b0f8-4235-93af-3cc1b83fb4f9', NULL, 5, 0, NULL, NULL, NULL, '2025-05-01 12:41:45', '2025-05-01 12:41:45'),
('3177615c-9b75-452b-af0a-5b515d878d54', 'Lakban Kuning 1 In', NULL, '58043a89-b0f8-4235-93af-3cc1b83fb4f9', NULL, 5, 0, NULL, NULL, NULL, '2025-05-01 12:41:21', '2025-05-01 12:41:21'),
('31e6d23e-918f-41e9-869b-b4a673698e4c', 'Spiral Jilid Putih', NULL, '58043a89-b0f8-4235-93af-3cc1b83fb4f9', NULL, 5, 0, NULL, NULL, NULL, '2025-05-01 12:41:53', '2025-05-01 12:41:53'),
('338ee88a-9346-4a04-814f-b93bbbfa605e', 'Kamper Toilet', NULL, '58043a89-b0f8-4235-93af-3cc1b83fb4f9', NULL, 5, 0, NULL, NULL, NULL, '2025-05-01 12:42:12', '2025-05-01 12:42:12'),
('3582e53f-8a28-425d-aac6-cb7f0a8b25de', 'Buku Tata Tertib Kecil Angkatan 7', NULL, '58043a89-b0f8-4235-93af-3cc1b83fb4f9', NULL, 5, 0, NULL, NULL, NULL, '2025-05-01 12:42:02', '2025-05-01 12:42:02'),
('370982d3-ed29-46b1-9831-c549d525659b', 'Majun', NULL, '58043a89-b0f8-4235-93af-3cc1b83fb4f9', NULL, 5, 0, NULL, NULL, NULL, '2025-05-01 12:42:10', '2025-05-01 12:42:10'),
('379d1467-7d6b-48ac-9ba8-726c6aae2299', 'Label File ( Hijau )', NULL, '58043a89-b0f8-4235-93af-3cc1b83fb4f9', NULL, 5, 0, NULL, NULL, NULL, '2025-05-01 12:41:54', '2025-05-01 12:41:54'),
('38781dda-ab70-4570-a6d1-667eba31a17f', 'Tongkat Pengki', NULL, '58043a89-b0f8-4235-93af-3cc1b83fb4f9', NULL, 5, 0, NULL, NULL, NULL, '2025-05-01 12:42:22', '2025-05-01 12:42:22'),
('397de711-f1d0-4eaa-a9e0-1c05697850ba', 'Spons Scotch Brite gabungan', NULL, '58043a89-b0f8-4235-93af-3cc1b83fb4f9', NULL, 5, 0, NULL, NULL, NULL, '2025-05-01 12:42:12', '2025-05-01 12:42:12'),
('3c4d5e6f-7g8h-9i0j-1k2l-3m4n5o6p7q8r', 'Microsoft Office 365', 'Annual subscription for Microsoft Office suite including Word, Excel, PowerPoint, and more', '58043a89-b0f8-4235-93af-3cc1b83fb4f9', 'MS-OFFICE-003', 50, 0, '99.99', 'Digital Inventory', 'https://example.com/images/office-365.jpg', '2025-05-01 08:45:54', '2025-05-01 08:45:54'),
('3c941215-e3e1-4131-80e0-cc8e8eeef6fe', 'Masker ', NULL, '58043a89-b0f8-4235-93af-3cc1b83fb4f9', NULL, 5, 0, NULL, NULL, NULL, '2025-05-01 12:42:07', '2025-05-01 12:42:07'),
('3cc362af-7cc1-4354-bb88-9579b026cf9d', 'Plastik Laminating', NULL, '58043a89-b0f8-4235-93af-3cc1b83fb4f9', NULL, 5, 0, NULL, NULL, NULL, '2025-05-01 12:41:46', '2025-05-01 12:41:46'),
('3ddafb01-4f1f-47f8-b355-92d7e765138a', 'Tongkat Rotan', NULL, '58043a89-b0f8-4235-93af-3cc1b83fb4f9', NULL, 5, 0, NULL, NULL, NULL, '2025-05-01 12:42:21', '2025-05-01 12:42:21'),
('3f55635a-3dff-4679-838b-26051a53a132', 'Bahan Id Card', NULL, '58043a89-b0f8-4235-93af-3cc1b83fb4f9', NULL, 2, 3, NULL, NULL, NULL, '2025-05-01 12:41:55', '2025-05-03 08:14:47'),
('401a8230-9e34-4119-b769-93cec6fcb48f', 'Label No.108', NULL, '58043a89-b0f8-4235-93af-3cc1b83fb4f9', NULL, 5, 0, NULL, NULL, NULL, '2025-05-01 12:41:25', '2025-05-01 12:41:25'),
('43f95578-d0ab-4d08-a399-596a28f98167', 'Double tape 3M', NULL, '58043a89-b0f8-4235-93af-3cc1b83fb4f9', NULL, 5, 0, NULL, NULL, NULL, '2025-05-01 12:41:23', '2025-05-01 12:41:23'),
('45973230-6027-4034-be72-d2be5cec8c8c', 'Refill INK Hitam', NULL, '58043a89-b0f8-4235-93af-3cc1b83fb4f9', NULL, 5, 0, NULL, NULL, NULL, '2025-05-01 12:41:38', '2025-05-01 12:41:38'),
('48a808a8-11ce-4cc3-84d0-e4971b6b2d34', 'Hansanitizer botol', NULL, '58043a89-b0f8-4235-93af-3cc1b83fb4f9', NULL, 5, 0, NULL, NULL, NULL, '2025-05-01 12:42:15', '2025-05-01 12:42:15'),
('48ef4590-6dda-4082-a2e3-b7c6412ddfba', 'Sertifikat PKL', NULL, '58043a89-b0f8-4235-93af-3cc1b83fb4f9', NULL, 5, 0, NULL, NULL, NULL, '2025-05-01 12:42:01', '2025-05-01 12:42:01'),
('4924ef62-6a72-4792-9a3b-9dd820a4727e', 'Spidol Snowman Kecil', NULL, '58043a89-b0f8-4235-93af-3cc1b83fb4f9', NULL, 5, 0, NULL, NULL, NULL, '2025-05-01 12:41:41', '2025-05-01 12:41:41'),
('4a879e89-4898-4e99-bcd0-76d2236910fb', 'Cling Drigen', NULL, '58043a89-b0f8-4235-93af-3cc1b83fb4f9', NULL, 5, 0, NULL, NULL, NULL, '2025-05-01 12:42:14', '2025-05-01 12:42:14'),
('4b4c8bcc-22d5-4a95-95c5-0044718a091d', 'Buku Tata Tertib Besar Angkatan 7', NULL, '58043a89-b0f8-4235-93af-3cc1b83fb4f9', NULL, 5, 0, NULL, NULL, NULL, '2025-05-01 12:42:02', '2025-05-01 12:42:02'),
('4be8eb4a-5172-42d6-ba90-e2258f3973d1', 'Kabel tis', NULL, '58043a89-b0f8-4235-93af-3cc1b83fb4f9', NULL, 5, 0, NULL, NULL, NULL, '2025-05-01 12:41:58', '2025-05-01 12:41:58'),
('4c9a0c82-bbe9-430a-a7da-63acaa172e02', 'Kwitansi Kasbon', NULL, '58043a89-b0f8-4235-93af-3cc1b83fb4f9', NULL, 5, 0, NULL, NULL, NULL, '2025-05-01 12:41:47', '2025-05-01 12:41:47'),
('4cc5348b-79e9-4604-8889-60597a50a696', 'Kertas Concord', NULL, '58043a89-b0f8-4235-93af-3cc1b83fb4f9', NULL, 5, 0, NULL, NULL, NULL, '2025-05-01 12:42:00', '2025-05-01 12:42:00'),
('4ccc4dd0-3828-4b9e-9570-8e3beb326373', 'Cover Raport', NULL, '58043a89-b0f8-4235-93af-3cc1b83fb4f9', NULL, 5, 0, NULL, NULL, NULL, '2025-05-01 12:41:59', '2025-05-01 12:41:59'),
('4d5e6f7g-8h9i-0j1k-2l3m-4n5o6p7q8r9s', 'Adobe Creative Cloud', 'Annual subscription for Adobe Creative Cloud including Photoshop, Illustrator, and more', '58043a89-b0f8-4235-93af-3cc1b83fb4f9', 'ADOBE-CC-004', 0, 0, '599.99', 'Digital Inventory', 'https://example.com/images/adobe-cc.jpg', '2025-05-01 08:45:54', '2025-05-03 10:32:24'),
('4e7fd247-d362-4861-8ad6-52b77fe5b6f0', 'Penggaris Bulat', NULL, '58043a89-b0f8-4235-93af-3cc1b83fb4f9', NULL, 5, 0, NULL, NULL, NULL, '2025-05-01 12:41:56', '2025-05-01 12:41:56'),
('4feb67a9-4d82-488b-91df-afc21663cb2a', 'Clear Holder', NULL, '58043a89-b0f8-4235-93af-3cc1b83fb4f9', NULL, 5, 0, NULL, NULL, NULL, '2025-05-01 12:41:50', '2025-05-01 12:41:50'),
('4ff66e9f-e8e1-491c-91d2-6de049343f72', 'Pembolong Kertas Kecil', NULL, '58043a89-b0f8-4235-93af-3cc1b83fb4f9', NULL, 5, 0, NULL, NULL, NULL, '2025-05-01 12:41:36', '2025-05-01 12:41:36'),
('51c7f046-17b1-47c5-ae7d-e32ee0ebd79e', 'Plastik Jilid', NULL, '58043a89-b0f8-4235-93af-3cc1b83fb4f9', NULL, 5, 0, NULL, NULL, NULL, '2025-05-01 12:41:54', '2025-05-01 12:41:54'),
('55bdf4b5-9c85-4019-8c45-20b00e062230', 'Isi Clear Holder A4', NULL, '58043a89-b0f8-4235-93af-3cc1b83fb4f9', NULL, 5, 0, NULL, NULL, NULL, '2025-05-01 12:41:51', '2025-05-01 12:41:51'),
('56546a37-3551-435d-8664-55d2f52dfbfd', 'Pengki', NULL, '58043a89-b0f8-4235-93af-3cc1b83fb4f9', NULL, 5, 0, NULL, NULL, NULL, '2025-05-01 12:42:23', '2025-05-01 12:42:23'),
('56f6fc89-8e65-440c-a8f5-b9e7ad6c2f64', 'Handsoap botol', NULL, '58043a89-b0f8-4235-93af-3cc1b83fb4f9', NULL, 5, 0, NULL, NULL, NULL, '2025-05-01 12:42:14', '2025-05-01 12:42:14'),
('573af102-fb59-418c-a703-090d382162af', 'Kwitansi SMK MITRA INDUSTRI', NULL, '58043a89-b0f8-4235-93af-3cc1b83fb4f9', NULL, 5, 0, NULL, NULL, NULL, '2025-05-01 12:41:47', '2025-05-01 12:41:47'),
('58a4b415-aad6-4a92-b05f-00f26470b123', 'Kwitansi PRF', NULL, '58043a89-b0f8-4235-93af-3cc1b83fb4f9', NULL, 5, 0, NULL, NULL, NULL, '2025-05-01 12:41:48', '2025-05-01 12:41:48'),
('59aeb34e-a514-462f-b9bc-8e66548d4a6b', 'Buku Agenda Guru', NULL, '58043a89-b0f8-4235-93af-3cc1b83fb4f9', NULL, 5, 0, NULL, NULL, NULL, '2025-05-01 12:42:02', '2025-05-01 12:42:02'),
('5bd990b7-78f3-40d4-a362-3892124e2c86', 'Gayung', NULL, '58043a89-b0f8-4235-93af-3cc1b83fb4f9', NULL, 5, 0, NULL, NULL, NULL, '2025-05-01 12:42:23', '2025-05-01 12:42:23'),
('5c333c4f-1e3b-4da8-874f-05ab768310a2', 'Sabun Pembersih Lantai', NULL, '58043a89-b0f8-4235-93af-3cc1b83fb4f9', NULL, 5, 0, NULL, NULL, NULL, '2025-05-01 12:42:12', '2025-05-01 12:42:12'),
('5d0351b4-e0a6-4c69-839a-d458cf6e2df2', 'Sticky note (Sign here)', NULL, '58043a89-b0f8-4235-93af-3cc1b83fb4f9', NULL, 5, 0, NULL, NULL, NULL, '2025-05-01 12:41:29', '2025-05-01 12:41:29'),
('5dd72bf2-3e7a-4320-b6f8-019ed3cfe24a', 'Bayclin Besar', NULL, '58043a89-b0f8-4235-93af-3cc1b83fb4f9', NULL, 3, 2, NULL, NULL, NULL, '2025-05-01 12:42:16', '2025-05-03 00:34:03'),
('5e31574e-1514-409b-87c0-0e1da7259d6d', 'Refill Handsanitizer', NULL, '58043a89-b0f8-4235-93af-3cc1b83fb4f9', NULL, 5, 0, NULL, NULL, NULL, '2025-05-01 12:42:17', '2025-05-01 12:42:17'),
('5e6f7g8h-9i0j-1k2l-3m4n-5o6p7q8r9s0t', 'Logitech MX Master 3 Mouse', 'Wireless ergonomic mouse with customizable buttons and advanced tracking', '1f34fae5-830b-4c6c-9092-7ea7c1f11433', 'LOG-MXMASTER-005', 15, 3, '99.99', 'Warehouse B, Shelf 1', 'https://example.com/images/logitech-mx.jpg', '2025-05-01 08:45:54', '2025-05-01 08:45:54'),
('5ee1f61c-ebd7-4e5c-be87-d32b97bd3b61', 'Kertas HVS F4', NULL, '58043a89-b0f8-4235-93af-3cc1b83fb4f9', NULL, 5, 0, NULL, NULL, NULL, '2025-05-01 12:42:00', '2025-05-01 12:42:00'),
('61753303-fc14-4518-9703-a0b6ab1a5965', 'Tinta Printer Epson 664 Hitam', NULL, '58043a89-b0f8-4235-93af-3cc1b83fb4f9', NULL, 5, 0, NULL, NULL, NULL, '2025-05-01 12:41:41', '2025-05-01 12:41:41'),
('61f4bcaf-0310-484a-8052-63d0fec44108', 'Hand Pump', NULL, '58043a89-b0f8-4235-93af-3cc1b83fb4f9', NULL, 5, 0, NULL, NULL, NULL, '2025-05-01 12:42:17', '2025-05-01 12:42:17'),
('62187d48-b75b-455f-b2b1-13c16d77ba8c', 'Strepless Tembak Stenlis', NULL, '58043a89-b0f8-4235-93af-3cc1b83fb4f9', NULL, 5, 0, NULL, NULL, NULL, '2025-05-01 12:41:28', '2025-05-01 12:41:28'),
('659e6095-f123-46ce-a767-cdcfe9546cc3', 'Double tape 1 In', NULL, '58043a89-b0f8-4235-93af-3cc1b83fb4f9', NULL, 5, 0, NULL, NULL, NULL, '2025-05-01 12:41:19', '2025-05-01 12:41:19'),
('6706e721-de98-4c0d-afad-094782da4bd4', 'Sapu Ijuk', NULL, '58043a89-b0f8-4235-93af-3cc1b83fb4f9', NULL, 5, 0, NULL, NULL, NULL, '2025-05-01 12:42:20', '2025-05-01 12:42:20'),
('6869b1b8-4cfc-4543-93cc-aecdf3b0a97e', 'Map L', NULL, '58043a89-b0f8-4235-93af-3cc1b83fb4f9', NULL, 5, 0, NULL, NULL, NULL, '2025-05-01 12:41:51', '2025-05-01 12:41:51'),
('694e36eb-837f-452f-a238-39d5f463cf54', 'Refill INK Permanen Hitam', NULL, '58043a89-b0f8-4235-93af-3cc1b83fb4f9', NULL, 5, 0, NULL, NULL, NULL, '2025-05-01 12:41:37', '2025-05-01 12:41:37'),
('6987c19e-29d5-46c0-b6f7-5e8be0d0f667', 'Kiwitansi Tanda Terima', NULL, '58043a89-b0f8-4235-93af-3cc1b83fb4f9', NULL, 5, 0, NULL, NULL, NULL, '2025-05-01 12:41:48', '2025-05-01 12:41:48'),
('6a91c447-f702-47e9-86e9-05324b622635', 'Spidol Snowman Biru Permanent', NULL, '58043a89-b0f8-4235-93af-3cc1b83fb4f9', NULL, 5, 0, NULL, NULL, NULL, '2025-05-01 12:41:41', '2025-05-01 12:41:41'),
('6bce7ff6-b386-4d4e-a689-a5f82c959797', 'Kertas Foto', NULL, '58043a89-b0f8-4235-93af-3cc1b83fb4f9', NULL, 5, 0, NULL, NULL, NULL, '2025-05-01 12:41:51', '2025-05-01 12:41:51'),
('6bea883b-c4de-4340-9dba-5b04dfaa4692', 'Map Batik', NULL, '58043a89-b0f8-4235-93af-3cc1b83fb4f9', NULL, 5, 0, NULL, NULL, NULL, '2025-05-01 12:41:50', '2025-05-01 12:41:50'),
('6c7b8d52-bc95-4414-8808-76d5e02296a8', 'Pengki Kecil', NULL, '58043a89-b0f8-4235-93af-3cc1b83fb4f9', NULL, 5, 0, NULL, NULL, NULL, '2025-05-01 12:42:27', '2025-05-01 12:42:27'),
('7014cd58-4c49-4a09-b7af-f9ca9360639a', 'Map L', NULL, '58043a89-b0f8-4235-93af-3cc1b83fb4f9', NULL, 5, 0, NULL, NULL, NULL, '2025-05-01 12:41:46', '2025-05-01 12:41:46'),
('7228b066-cd3a-4e2b-9c91-d835eed903e7', 'Binder Klips No. 200', NULL, '58043a89-b0f8-4235-93af-3cc1b83fb4f9', NULL, 5, 0, NULL, NULL, NULL, '2025-05-01 12:41:31', '2025-05-01 12:41:31'),
('7262edad-68fe-46bc-9176-2596686ab4f4', 'Lakban Hijau', NULL, '58043a89-b0f8-4235-93af-3cc1b83fb4f9', NULL, 5, 0, NULL, NULL, NULL, '2025-05-01 12:41:23', '2025-05-01 12:41:23'),
('7327eea0-5f59-4ae8-8f73-97b95f379f51', 'Spiral Jilid Hitam Besar', NULL, '58043a89-b0f8-4235-93af-3cc1b83fb4f9', NULL, 5, 0, NULL, NULL, NULL, '2025-05-01 12:41:53', '2025-05-01 12:41:53'),
('74bf5efb-05b6-42e0-9d31-b93e205cd323', 'Ember', NULL, '58043a89-b0f8-4235-93af-3cc1b83fb4f9', NULL, 5, 0, NULL, NULL, NULL, '2025-05-01 12:42:23', '2025-05-01 12:42:23'),
('7527dec6-bb58-4b1e-8e48-b7707fc6a255', 'Sticky note', NULL, '58043a89-b0f8-4235-93af-3cc1b83fb4f9', NULL, 5, 0, NULL, NULL, NULL, '2025-05-01 12:41:29', '2025-05-01 12:41:29'),
('77ee4723-32e4-4fbe-b64b-2b43b5cf03c4', 'Label No.104', NULL, '58043a89-b0f8-4235-93af-3cc1b83fb4f9', NULL, 5, 0, NULL, NULL, NULL, '2025-05-01 12:41:25', '2025-05-01 12:41:25'),
('7afd40c9-e9b6-4d86-8d83-e498f14327c8', 'Kanebo', NULL, '58043a89-b0f8-4235-93af-3cc1b83fb4f9', NULL, 5, 0, NULL, NULL, NULL, '2025-05-01 12:42:15', '2025-05-01 12:42:15'),
('7f0b0aa2-e500-4a8c-b637-58228d18c5b5', 'Tisu Kasar', NULL, '58043a89-b0f8-4235-93af-3cc1b83fb4f9', NULL, 5, 0, NULL, NULL, NULL, '2025-05-01 12:42:06', '2025-05-01 12:42:06'),
('804ab5d6-9217-486d-988b-00593fb6aba8', 'Cartridge LQ-310', NULL, '58043a89-b0f8-4235-93af-3cc1b83fb4f9', NULL, 5, 0, NULL, NULL, NULL, '2025-05-01 12:42:01', '2025-05-01 12:42:01'),
('8057cdf6-4f70-4842-92e6-6240532a3c29', 'Handsoap', NULL, '58043a89-b0f8-4235-93af-3cc1b83fb4f9', NULL, 5, 0, NULL, NULL, NULL, '2025-05-01 12:42:17', '2025-05-01 12:42:17'),
('82d342f6-a0e1-4eb1-8331-d2b26a781890', 'Map Kertas', NULL, '58043a89-b0f8-4235-93af-3cc1b83fb4f9', NULL, 5, 0, NULL, NULL, NULL, '2025-05-01 12:41:50', '2025-05-01 12:41:50'),
('830b4a8c-ec04-4a61-92ce-c9497549d6c5', 'Pembolong Kertas Besar', NULL, '58043a89-b0f8-4235-93af-3cc1b83fb4f9', NULL, 5, 0, NULL, NULL, NULL, '2025-05-01 12:41:34', '2025-05-01 12:41:34'),
('8374cbd3-fecc-43bd-836c-2e47f5f21666', 'Wiper Jendela', NULL, '58043a89-b0f8-4235-93af-3cc1b83fb4f9', NULL, 5, 0, NULL, NULL, NULL, '2025-05-01 12:42:15', '2025-05-01 12:42:15'),
('845f5dac-d515-4767-92a8-af29354202d3', 'Kwitansi BOSS', NULL, '58043a89-b0f8-4235-93af-3cc1b83fb4f9', NULL, 5, 0, NULL, NULL, NULL, '2025-05-01 12:41:46', '2025-05-01 12:41:46'),
('84c2f460-406b-4c27-955e-d982d328ff54', 'Kwitansi PO', NULL, '58043a89-b0f8-4235-93af-3cc1b83fb4f9', NULL, 5, 0, NULL, NULL, NULL, '2025-05-01 12:41:47', '2025-05-01 12:41:47'),
('856e3988-8fe3-4010-88b1-e31f31f5fe9a', 'Kertas Flipcart', NULL, '58043a89-b0f8-4235-93af-3cc1b83fb4f9', NULL, 5, 0, NULL, NULL, NULL, '2025-05-01 12:42:01', '2025-05-01 12:42:01'),
('89d1e5b9-2013-4bcc-ad05-2c0cf48aa200', 'Piala', NULL, '58043a89-b0f8-4235-93af-3cc1b83fb4f9', NULL, 5, 0, NULL, NULL, NULL, '2025-05-01 12:42:00', '2025-05-01 12:42:00'),
('8a408dc7-e742-4a10-9cae-83b48d9ff0b6', 'Kertas HVS A4 Kuning', NULL, '58043a89-b0f8-4235-93af-3cc1b83fb4f9', NULL, 5, 0, NULL, NULL, NULL, '2025-05-01 12:42:04', '2025-05-01 12:42:04'),
('8a757bb0-5e4c-4e5a-aef1-046ecb91af33', 'Tinta Infus', NULL, '58043a89-b0f8-4235-93af-3cc1b83fb4f9', NULL, 5, 0, NULL, NULL, NULL, '2025-05-01 12:41:41', '2025-05-01 12:41:41'),
('8bfddfb9-d3e2-44ee-8e94-d2a2aa5dbb18', 'Isi Clear Holder A4', NULL, '58043a89-b0f8-4235-93af-3cc1b83fb4f9', NULL, 5, 0, NULL, NULL, NULL, '2025-05-01 12:41:46', '2025-05-01 12:41:46'),
('8c969354-f62e-44c3-ade4-ed79e50e7d80', 'Tinta Printer Epson 003 Hitam', NULL, '58043a89-b0f8-4235-93af-3cc1b83fb4f9', NULL, 5, 0, NULL, NULL, NULL, '2025-05-01 12:41:43', '2025-05-01 12:41:43'),
('8d0561d8-71a0-4d87-85a2-9636c745bb34', 'Lakban Hitam 1 In', NULL, '58043a89-b0f8-4235-93af-3cc1b83fb4f9', NULL, 5, 0, NULL, NULL, NULL, '2025-05-01 12:41:22', '2025-05-01 12:41:22'),
('8d34c93e-6926-42ad-b498-63c0de09400d', 'Binder Klips No. 260', NULL, '58043a89-b0f8-4235-93af-3cc1b83fb4f9', NULL, 5, 0, NULL, NULL, NULL, '2025-05-01 12:41:31', '2025-05-01 12:41:31'),
('8e55e401-5508-437e-a9ce-28157530be0c', 'Tisu Basah', NULL, '58043a89-b0f8-4235-93af-3cc1b83fb4f9', NULL, 5, 0, NULL, NULL, NULL, '2025-05-01 12:42:13', '2025-05-01 12:42:13'),
('8ead0a2f-9a35-436f-8ccb-fa3b1f5d2bb4', 'Tinta Printer Epson 003 Merah', NULL, '58043a89-b0f8-4235-93af-3cc1b83fb4f9', NULL, 5, 0, NULL, NULL, NULL, '2025-05-01 12:41:44', '2025-05-01 12:41:44'),
('8edc5c49-6a84-41c6-8779-b89980d8c0dc', 'Bussines File A4', NULL, '58043a89-b0f8-4235-93af-3cc1b83fb4f9', NULL, 5, 0, NULL, NULL, NULL, '2025-05-01 12:41:45', '2025-05-01 12:41:45'),
('8f0b4242-899e-4db7-9632-f7df52340a15', 'Form Izin', NULL, '58043a89-b0f8-4235-93af-3cc1b83fb4f9', NULL, 5, 0, NULL, NULL, NULL, '2025-05-01 12:41:47', '2025-05-01 12:41:47'),
('905dd205-d35f-4842-a594-3a376a48e06d', 'Spiral Jilid Hitam Kecil', NULL, '58043a89-b0f8-4235-93af-3cc1b83fb4f9', NULL, 5, 0, NULL, NULL, NULL, '2025-05-01 12:41:52', '2025-05-01 12:41:52'),
('908b3e67-7fb5-436f-a381-0e364a89e24c', 'Pulpen standart Hitam', NULL, '58043a89-b0f8-4235-93af-3cc1b83fb4f9', NULL, 5, 0, NULL, NULL, NULL, '2025-05-01 12:41:31', '2025-05-01 12:41:31'),
('9256a17d-2e5a-4d0b-9cf7-404264f62254', 'Label No.112', NULL, '58043a89-b0f8-4235-93af-3cc1b83fb4f9', NULL, 5, 0, NULL, NULL, NULL, '2025-05-01 12:41:25', '2025-05-01 12:41:25'),
('92774367-9e0e-4385-9cec-e7abba8f6dab', 'Map Kertas', NULL, '58043a89-b0f8-4235-93af-3cc1b83fb4f9', NULL, 5, 0, NULL, NULL, NULL, '2025-05-01 12:41:45', '2025-05-01 12:41:45'),
('942b6a3b-2bab-4845-a97c-e03d3b109a4c', 'cutter Kecil', NULL, '58043a89-b0f8-4235-93af-3cc1b83fb4f9', NULL, 5, 0, NULL, NULL, NULL, '2025-05-01 12:41:35', '2025-05-01 12:41:35'),
('947f04b0-fd3c-4c2d-8366-f74594be721d', 'Ordner Besar', NULL, '58043a89-b0f8-4235-93af-3cc1b83fb4f9', NULL, 5, 0, NULL, NULL, NULL, '2025-05-01 12:41:54', '2025-05-01 12:41:54'),
('97d5ad33-6e9c-4411-9fe2-ae4f81a0d624', 'Kemoceng', NULL, '58043a89-b0f8-4235-93af-3cc1b83fb4f9', NULL, 5, 0, NULL, NULL, NULL, '2025-05-01 12:42:24', '2025-05-01 12:42:24'),
('99af583e-acb5-4af0-be98-5c9c9c74e966', 'Glue Stick', NULL, '58043a89-b0f8-4235-93af-3cc1b83fb4f9', NULL, 5, 0, NULL, NULL, NULL, '2025-05-01 12:41:33', '2025-05-01 12:41:33'),
('99fad6ed-9bb8-4c6d-968b-0f12bd9201e6', 'Tinta Printer Epson 664 Merah', NULL, '58043a89-b0f8-4235-93af-3cc1b83fb4f9', NULL, 5, 0, NULL, NULL, NULL, '2025-05-01 12:41:41', '2025-05-01 12:41:41'),
('9b272097-f5b8-48e1-86e6-06f1df7a3102', 'Sikat Kloset', NULL, '58043a89-b0f8-4235-93af-3cc1b83fb4f9', NULL, 5, 0, NULL, NULL, NULL, '2025-05-01 12:42:20', '2025-05-01 12:42:20'),
('9bee5b37-cbab-4ca9-a31b-30c90efeb47a', 'Sikat Sawang', NULL, '58043a89-b0f8-4235-93af-3cc1b83fb4f9', NULL, 5, 0, NULL, NULL, NULL, '2025-05-01 12:42:19', '2025-05-01 12:42:19'),
('9ccbc80e-278a-4a5c-8faf-cf66fe5e5b76', 'Label No.103', NULL, '58043a89-b0f8-4235-93af-3cc1b83fb4f9', NULL, 5, 0, NULL, NULL, NULL, '2025-05-01 12:41:25', '2025-05-01 12:41:25'),
('9cd9a64e-2cc9-4572-a689-d25b5a031b24', 'Lakban Hitam 2 In', NULL, '58043a89-b0f8-4235-93af-3cc1b83fb4f9', NULL, 5, 0, NULL, NULL, NULL, '2025-05-01 12:41:22', '2025-05-01 12:41:22'),
('9dc1744e-c735-48ea-ab7b-81abb2018219', 'Form Perintah Lembur ', NULL, '58043a89-b0f8-4235-93af-3cc1b83fb4f9', NULL, 5, 0, NULL, NULL, NULL, '2025-05-01 12:41:49', '2025-05-01 12:41:49'),
('9f4eac96-928d-4712-a252-483a7a546d3c', 'Kertas A4', 'ATK', '69aff729-c1a2-4a30-9c6c-ce52163c21ea', '2', 10, 0, NULL, '', '', '2025-05-01 12:04:40', '2025-05-01 12:05:27'),
('9fff4457-2952-435c-a24a-d9d7812d05d1', 'Tongkat sapu besi', NULL, '58043a89-b0f8-4235-93af-3cc1b83fb4f9', NULL, 5, 0, NULL, NULL, NULL, '2025-05-01 12:42:24', '2025-05-01 12:42:24'),
('a0a36fb7-5331-4729-9010-50fffe204a5b', 'Refill Tisu basah', NULL, '58043a89-b0f8-4235-93af-3cc1b83fb4f9', NULL, 5, 0, NULL, NULL, NULL, '2025-05-01 12:42:13', '2025-05-01 12:42:13'),
('a11a17fc-4e33-45cd-847b-c84e1234efdd', 'Kertas HVS A4 Biru', NULL, '58043a89-b0f8-4235-93af-3cc1b83fb4f9', NULL, 5, 0, NULL, NULL, NULL, '2025-05-01 12:42:04', '2025-05-01 12:42:04'),
('a2f5ec09-7cef-4e96-b546-a056a7486f17', 'Strepless Kecil', NULL, '58043a89-b0f8-4235-93af-3cc1b83fb4f9', NULL, 5, 0, NULL, NULL, NULL, '2025-05-01 12:41:28', '2025-05-01 12:41:28'),
('a42024a7-7028-40fc-9b6d-888ba8b694be', 'Tongkat Pengki Kecil', NULL, '58043a89-b0f8-4235-93af-3cc1b83fb4f9', NULL, 5, 0, NULL, NULL, NULL, '2025-05-01 12:42:27', '2025-05-01 12:42:27'),
('a5097510-e87e-4d0e-8aad-fb9dd0c2327f', 'Kain Serbaguna', NULL, '58043a89-b0f8-4235-93af-3cc1b83fb4f9', NULL, 5, 0, NULL, NULL, NULL, '2025-05-01 12:42:12', '2025-05-01 12:42:12'),
('a52a74cd-f1de-4ca1-95ae-06ddeafc8728', 'Kwitansi Yayasan', NULL, '58043a89-b0f8-4235-93af-3cc1b83fb4f9', NULL, 5, 0, NULL, NULL, NULL, '2025-05-01 12:41:47', '2025-05-01 12:41:47'),
('a6193039-5034-4186-ac02-332e52f677c6', 'Kain Pel', NULL, '58043a89-b0f8-4235-93af-3cc1b83fb4f9', NULL, 5, 0, NULL, NULL, NULL, '2025-05-01 12:42:23', '2025-05-01 12:42:23'),
('a77ef135-180d-48c0-b157-a356cc60eb19', 'Spidol Snowman Merah Permanent', NULL, '58043a89-b0f8-4235-93af-3cc1b83fb4f9', NULL, 5, 0, NULL, NULL, NULL, '2025-05-01 12:41:41', '2025-05-01 12:41:41'),
('a8c34999-ec6c-4ec4-b953-859584c6c0f0', 'Desk Lamp', NULL, '1f34fae5-830b-4c6c-9092-7ea7c1f11433', NULL, 11, 1, NULL, NULL, NULL, '2025-05-01 12:41:18', '2025-05-03 13:36:29'),
('a8fb4207-06ce-466e-af8e-ef5b34949727', 'Solatip transparan Besar', NULL, '58043a89-b0f8-4235-93af-3cc1b83fb4f9', NULL, 5, 0, NULL, NULL, NULL, '2025-05-01 12:41:18', '2025-05-01 12:41:18'),
('a9abbe30-b000-4bf3-8093-c38f0d2d9e0b', 'Tongkat sapu Plastik', NULL, '58043a89-b0f8-4235-93af-3cc1b83fb4f9', NULL, 5, 0, NULL, NULL, NULL, '2025-05-01 12:42:25', '2025-05-01 12:42:25'),
('aa1a53c6-3225-4e95-a3f8-1ddc534fb7a0', 'Jepit lidi', NULL, '58043a89-b0f8-4235-93af-3cc1b83fb4f9', NULL, 5, 0, NULL, NULL, NULL, '2025-05-01 12:41:55', '2025-05-01 12:41:55'),
('ab453785-2d75-4863-ab6f-a1458fbdce80', 'Kertas HVS A4 Biru', NULL, '58043a89-b0f8-4235-93af-3cc1b83fb4f9', NULL, 5, 0, NULL, NULL, NULL, '2025-05-01 12:42:05', '2025-05-01 12:42:05'),
('ae23fb55-7110-4461-ac97-b01f1dae53a8', 'Bussines File A4', NULL, '58043a89-b0f8-4235-93af-3cc1b83fb4f9', NULL, 5, 0, NULL, NULL, NULL, '2025-05-01 12:41:51', '2025-05-01 12:41:51'),
('af68da52-81c0-4c65-b0cd-0b90b5d16990', 'Kertas HVS A3', NULL, '58043a89-b0f8-4235-93af-3cc1b83fb4f9', NULL, 5, 0, NULL, NULL, NULL, '2025-05-01 12:42:00', '2025-05-01 12:42:00'),
('b064033a-702d-4878-8245-ce8b6bc03b7f', 'Tinta Printer Epson 664 Kuning', NULL, '58043a89-b0f8-4235-93af-3cc1b83fb4f9', NULL, 5, 0, NULL, NULL, NULL, '2025-05-01 12:41:42', '2025-05-01 12:41:42'),
('b22d5198-99e8-4dc7-b8ba-3610e955066b', 'Kertas Kalkir', NULL, '58043a89-b0f8-4235-93af-3cc1b83fb4f9', NULL, 5, 0, NULL, NULL, NULL, '2025-05-01 12:42:05', '2025-05-01 12:42:05'),
('b2f568bf-294b-406b-8f7d-926b47d44aa6', 'Lakban Merah', NULL, '58043a89-b0f8-4235-93af-3cc1b83fb4f9', NULL, 5, 0, NULL, NULL, NULL, '2025-05-01 12:41:23', '2025-05-01 12:41:23'),
('b3761cd9-a6f6-4f9e-bace-dc246b18e10f', 'Kertas concorde A4', NULL, '58043a89-b0f8-4235-93af-3cc1b83fb4f9', NULL, 5, 0, NULL, NULL, NULL, '2025-05-01 12:42:00', '2025-05-01 12:42:00'),
('b80edbce-ef59-4669-9e0f-4ba7b3466c47', 'Wiper Lantai', NULL, '58043a89-b0f8-4235-93af-3cc1b83fb4f9', NULL, 5, 0, NULL, NULL, NULL, '2025-05-01 12:42:21', '2025-05-01 12:42:21'),
('b9a2f489-036e-478b-b7f3-5946f983ab75', 'Tongkat Pengki Besar', NULL, '58043a89-b0f8-4235-93af-3cc1b83fb4f9', NULL, 5, 0, NULL, NULL, NULL, '2025-05-01 12:42:28', '2025-05-01 12:42:28'),
('ba92118d-a5c4-4f7a-8b2f-255d19ab41ae', 'Spidol Stabilo', NULL, '58043a89-b0f8-4235-93af-3cc1b83fb4f9', NULL, 5, 0, NULL, NULL, NULL, '2025-05-01 12:41:27', '2025-05-01 12:41:27'),
('bc7bed53-3b0e-46d4-9835-6d46a7b47a68', 'Cling Jendela (semprot)', NULL, '58043a89-b0f8-4235-93af-3cc1b83fb4f9', NULL, 5, 0, NULL, NULL, NULL, '2025-05-01 12:42:13', '2025-05-01 12:42:13'),
('bccc9152-5d2a-4deb-9e75-9f63c6ecf419', 'Kwitansi PR', NULL, '58043a89-b0f8-4235-93af-3cc1b83fb4f9', NULL, 5, 0, NULL, NULL, NULL, '2025-05-01 12:41:47', '2025-05-01 12:41:47'),
('bf41edad-ed6c-474e-b28b-caeab076caad', 'Label No.123', NULL, '58043a89-b0f8-4235-93af-3cc1b83fb4f9', NULL, 5, 0, NULL, NULL, NULL, '2025-05-01 12:41:27', '2025-05-01 12:41:27'),
('c1ddbe4d-7811-4de6-bf6d-0d26ac33f041', 'Glade Gantung', NULL, '58043a89-b0f8-4235-93af-3cc1b83fb4f9', NULL, 5, 0, NULL, NULL, NULL, '2025-05-01 12:42:08', '2025-05-01 12:42:08'),
('c373ec51-b0ae-41bf-8b30-a148e9c15b78', 'Baterai TOA', NULL, '58043a89-b0f8-4235-93af-3cc1b83fb4f9', NULL, 5, 0, NULL, NULL, NULL, '2025-05-01 12:41:34', '2025-05-01 12:41:34'),
('c415dab0-a870-4c6d-8402-982c73023f85', 'Double tape 2 in', NULL, '58043a89-b0f8-4235-93af-3cc1b83fb4f9', NULL, 5, 0, NULL, NULL, NULL, '2025-05-01 12:41:19', '2025-05-01 12:41:19'),
('c57c3b38-bcf7-470b-af1d-4adc2d468cc2', 'Jarum Pentul', NULL, '58043a89-b0f8-4235-93af-3cc1b83fb4f9', NULL, 5, 0, NULL, NULL, NULL, '2025-05-01 12:41:59', '2025-05-01 12:41:59'),
('c5ad28b3-5a82-40e1-a64f-d29ba9c699ba', 'Strepless Tembak', NULL, '58043a89-b0f8-4235-93af-3cc1b83fb4f9', NULL, 5, 0, NULL, NULL, NULL, '2025-05-01 12:41:28', '2025-05-01 12:41:28'),
('c82153e3-e7c6-4236-b3be-bbe5d0f31e75', 'Tisu Gulung', NULL, '58043a89-b0f8-4235-93af-3cc1b83fb4f9', NULL, 5, 0, NULL, NULL, NULL, '2025-05-01 12:42:07', '2025-05-01 12:42:07'),
('c8b1d1d3-d4ed-4191-9b09-9e1266cad384', 'Revil Stamp Pad INK Merk JOYKO Merah', NULL, '58043a89-b0f8-4235-93af-3cc1b83fb4f9', NULL, 5, 0, NULL, NULL, NULL, '2025-05-01 12:41:32', '2025-05-01 12:41:32'),
('ca2c9742-abf9-4254-a56d-a6bad744b35f', 'Baterai Alkaline Kotak', NULL, '58043a89-b0f8-4235-93af-3cc1b83fb4f9', NULL, 5, 0, NULL, NULL, NULL, '2025-05-01 12:41:33', '2025-05-01 12:41:33'),
('cb6de858-10f3-4e55-8596-dc2fd7488299', 'cutter Besar', NULL, '58043a89-b0f8-4235-93af-3cc1b83fb4f9', NULL, 5, 0, NULL, NULL, NULL, '2025-05-01 12:41:35', '2025-05-01 12:41:35'),
('cb9e5899-1c1b-4671-947f-8a646fc44d3a', 'Sabun cuci piring', NULL, '58043a89-b0f8-4235-93af-3cc1b83fb4f9', NULL, 5, 0, NULL, NULL, NULL, '2025-05-01 12:42:07', '2025-05-01 12:42:07'),
('cba9dea8-131e-41b1-b135-3a215ee38b41', 'Refill INK Merah', NULL, '58043a89-b0f8-4235-93af-3cc1b83fb4f9', NULL, 5, 0, NULL, NULL, NULL, '2025-05-01 12:41:38', '2025-05-01 12:41:38'),
('cd5137a9-14ad-4680-93d5-fd86ad401d2a', 'Paper Klip', NULL, '58043a89-b0f8-4235-93af-3cc1b83fb4f9', NULL, 5, 0, NULL, NULL, NULL, '2025-05-01 12:41:29', '2025-05-01 12:41:29'),
('ce8b6a5c-783f-471a-b800-a8b87eb6a379', 'Buku Tata Tertib Kecil Angkatan 8', NULL, '58043a89-b0f8-4235-93af-3cc1b83fb4f9', NULL, 5, 0, NULL, NULL, NULL, '2025-05-01 12:42:03', '2025-05-01 12:42:03'),
('d04491ab-196a-4944-b80e-c2a27293a4ac', 'Pita emas', NULL, '58043a89-b0f8-4235-93af-3cc1b83fb4f9', NULL, 5, 0, NULL, NULL, NULL, '2025-05-01 12:41:57', '2025-05-01 12:41:57'),
('d0ebeaef-84ad-413c-989e-890761612c8b', 'Post It', NULL, '58043a89-b0f8-4235-93af-3cc1b83fb4f9', NULL, 5, 0, NULL, NULL, NULL, '2025-05-01 12:41:30', '2025-05-01 12:41:30'),
('d177eb2e-b3ac-40d9-8e72-4367c182d46f', 'Double tape 1/2 in', NULL, '58043a89-b0f8-4235-93af-3cc1b83fb4f9', NULL, 5, 0, NULL, NULL, NULL, '2025-05-01 12:41:20', '2025-05-01 12:41:20'),
('d3ba4b9e-3fe4-4a59-8e5c-6377e10859d6', 'Tongkat pel besi', NULL, '58043a89-b0f8-4235-93af-3cc1b83fb4f9', NULL, 5, 0, NULL, NULL, NULL, '2025-05-01 12:42:26', '2025-05-01 12:42:26'),
('d4e536dd-67da-4d86-8d1f-90001d4004fa', 'Tinta Printer Epson 003 Kuning', NULL, '58043a89-b0f8-4235-93af-3cc1b83fb4f9', NULL, 5, 0, NULL, NULL, NULL, '2025-05-01 12:41:45', '2025-05-01 12:41:45'),
('d809874d-850a-49d4-bdfc-ee92e9c3076a', 'Ordner Kecil ', NULL, '58043a89-b0f8-4235-93af-3cc1b83fb4f9', NULL, 5, 0, NULL, NULL, NULL, '2025-05-01 12:41:54', '2025-05-01 12:41:54'),
('d85787e6-0570-4a1c-b212-b61658f59da5', 'Stella isi ulang', NULL, '58043a89-b0f8-4235-93af-3cc1b83fb4f9', NULL, 5, 0, NULL, NULL, NULL, '2025-05-01 12:42:09', '2025-05-01 12:42:09'),
('d87f2b44-3789-4b19-8672-9ce47765f67a', 'Strepless Sedang', NULL, '58043a89-b0f8-4235-93af-3cc1b83fb4f9', NULL, 5, 0, NULL, NULL, NULL, '2025-05-01 12:41:28', '2025-05-01 12:41:28'),
('d8981149-17de-427a-b9e0-bc5d879d33e8', 'tipe x', NULL, '58043a89-b0f8-4235-93af-3cc1b83fb4f9', NULL, 5, 0, NULL, NULL, NULL, '2025-05-01 12:41:29', '2025-05-01 12:41:29'),
('d8ec3a51-4eff-4bc4-be0e-2436a6975064', 'Refill INK Permanen Biru', NULL, '58043a89-b0f8-4235-93af-3cc1b83fb4f9', NULL, 5, 0, NULL, NULL, NULL, '2025-05-01 12:41:36', '2025-05-01 12:41:36'),
('daf4ac78-ecc4-4696-add9-8124986e94fd', 'Baterai Alkaline A2', NULL, '58043a89-b0f8-4235-93af-3cc1b83fb4f9', NULL, 5, 0, NULL, NULL, NULL, '2025-05-01 12:41:34', '2025-05-01 12:41:34'),
('dd5d69ad-ae84-46a1-8c32-1fbd10f5f16f', 'saniter', NULL, '58043a89-b0f8-4235-93af-3cc1b83fb4f9', NULL, 5, 0, NULL, NULL, NULL, '2025-05-01 12:42:18', '2025-05-01 12:42:18'),
('ddcb4fc8-3a5d-4e05-855d-4e41e58dfaef', 'Binder Klips No. 155', NULL, '58043a89-b0f8-4235-93af-3cc1b83fb4f9', NULL, 5, 0, NULL, NULL, NULL, '2025-05-01 12:41:32', '2025-05-01 12:41:32'),
('de5db7bd-0fc7-45dc-accf-334ca1ef8095', 'Buku Tata Tertib Besar Angkatan 8', NULL, '58043a89-b0f8-4235-93af-3cc1b83fb4f9', NULL, 5, 0, NULL, NULL, NULL, '2025-05-01 12:42:02', '2025-05-01 12:42:02'),
('df4ade51-5aec-4bb6-8d88-85572abb8101', 'Peniti', NULL, '58043a89-b0f8-4235-93af-3cc1b83fb4f9', NULL, 5, 0, NULL, NULL, NULL, '2025-05-01 12:41:58', '2025-05-01 12:41:58'),
('e663a9e7-b791-41af-91f6-bc1356b50633', 'Bantek Biru', NULL, '58043a89-b0f8-4235-93af-3cc1b83fb4f9', NULL, 5, 0, NULL, NULL, NULL, '2025-05-01 12:41:54', '2025-05-01 12:41:54'),
('e93a52e7-21f1-4dab-a170-d7ada526a0b3', 'Line Stamp Pad Artline', NULL, '58043a89-b0f8-4235-93af-3cc1b83fb4f9', NULL, 5, 0, NULL, NULL, NULL, '2025-05-01 12:41:33', '2025-05-01 12:41:33'),
('e9557f01-a200-473d-997f-073a76e97f21', 'Gunting', NULL, '58043a89-b0f8-4235-93af-3cc1b83fb4f9', NULL, 5, 0, NULL, NULL, NULL, '2025-05-01 12:41:57', '2025-05-01 12:41:57'),
('eb30b676-1b69-4b65-9f1b-903fa01c3a55', 'Pin Tusuk Kenko', NULL, '58043a89-b0f8-4235-93af-3cc1b83fb4f9', NULL, 5, 0, NULL, NULL, NULL, '2025-05-01 12:41:55', '2025-05-01 12:41:55'),
('ef7e1630-ee6b-45d1-b6dd-2dc93427e9e1', 'Refill INK Permanen Merah', NULL, '58043a89-b0f8-4235-93af-3cc1b83fb4f9', NULL, 5, 0, NULL, NULL, NULL, '2025-05-01 12:41:37', '2025-05-01 12:41:37'),
('efb60658-cb8f-4972-88f8-a83ade349937', 'Double tip 1/2 In', NULL, '58043a89-b0f8-4235-93af-3cc1b83fb4f9', NULL, 5, 0, NULL, NULL, NULL, '2025-05-01 12:41:23', '2025-05-01 12:41:23'),
('f0ea8509-cdb3-432c-817d-f1ca4374a4cd', 'Line roll', NULL, '58043a89-b0f8-4235-93af-3cc1b83fb4f9', NULL, 5, 0, NULL, NULL, NULL, '2025-05-01 12:41:55', '2025-05-01 12:41:55'),
('f225b162-e732-4cf6-9383-3cf397eb9c53', 'Astonish', '', '58043a89-b0f8-4235-93af-3cc1b83fb4f9', '', 14, 0, NULL, '', '', '2025-05-01 12:42:13', '2025-05-03 13:36:48'),
('f243c54d-04d3-4a94-b68c-62c6d2d5a479', 'Solatip transparan Sedang', NULL, '58043a89-b0f8-4235-93af-3cc1b83fb4f9', NULL, 5, 0, NULL, NULL, NULL, '2025-05-01 12:41:18', '2025-05-01 12:41:18'),
('f35555f7-2fb3-4982-91ff-b20ace9f5d7c', 'Tempat sampah', NULL, '58043a89-b0f8-4235-93af-3cc1b83fb4f9', NULL, 5, 0, NULL, NULL, NULL, '2025-05-01 12:42:24', '2025-05-01 12:42:24'),
('f3f1e3e6-1a66-416f-93f2-0a82bbb1afd6', 'Pulpen standart Biru', NULL, '58043a89-b0f8-4235-93af-3cc1b83fb4f9', NULL, 5, 0, NULL, NULL, NULL, '2025-05-01 12:41:31', '2025-05-01 12:41:31'),
('f4935ef0-f465-4f84-92bc-17f16e42de54', 'Label No.121', NULL, '58043a89-b0f8-4235-93af-3cc1b83fb4f9', NULL, 5, 0, NULL, NULL, NULL, '2025-05-01 12:41:27', '2025-05-01 12:41:27'),
('f4d153d5-cd44-462b-88ed-1b022365c17f', 'Jurnal PKL ', NULL, '58043a89-b0f8-4235-93af-3cc1b83fb4f9', NULL, 5, 0, NULL, NULL, NULL, '2025-05-01 12:41:46', '2025-05-01 12:41:46'),
('f571f613-1fdf-4986-a659-66e89f1b86cd', 'Lakban Kertas Besar', NULL, '58043a89-b0f8-4235-93af-3cc1b83fb4f9', NULL, 5, 0, NULL, NULL, NULL, '2025-05-01 12:41:19', '2025-05-01 12:41:19'),
('f591ba5f-9a5a-4ef7-bf3a-b291dafd1b5c', 'Hair pin', NULL, '58043a89-b0f8-4235-93af-3cc1b83fb4f9', NULL, 5, 0, NULL, NULL, NULL, '2025-05-01 12:41:55', '2025-05-01 12:41:55'),
('f5d7f159-164a-4f37-9485-ee2a06cb9d0e', 'Kertas Buffalo A4 Hijau', NULL, '58043a89-b0f8-4235-93af-3cc1b83fb4f9', NULL, 5, 0, NULL, NULL, NULL, '2025-05-01 12:42:03', '2025-05-01 12:42:03'),
('f6dafba4-ff1e-4bc8-85d2-1e9c83c78611', 'Kertas Foto', NULL, '58043a89-b0f8-4235-93af-3cc1b83fb4f9', NULL, 5, 0, NULL, NULL, NULL, '2025-05-01 12:41:46', '2025-05-01 12:41:46'),
('faa876a6-321c-46b4-8ab6-11ba45303f5d', 'Spidol Snowman Hitam Permanent', NULL, '58043a89-b0f8-4235-93af-3cc1b83fb4f9', NULL, 5, 0, NULL, NULL, NULL, '2025-05-01 12:41:41', '2025-05-01 12:41:41'),
('fb3a3072-b602-4213-8587-3abab0ca6ee4', 'Form Cuti', NULL, '58043a89-b0f8-4235-93af-3cc1b83fb4f9', NULL, 5, 0, NULL, NULL, NULL, '2025-05-01 12:41:49', '2025-05-01 12:41:49'),
('fd92b514-cd90-4f62-a884-12237d5885dc', 'Binder Klips No. 111', NULL, '58043a89-b0f8-4235-93af-3cc1b83fb4f9', NULL, 4, 1, NULL, NULL, NULL, '2025-05-01 12:41:31', '2025-05-02 22:55:39'),
('fecb2754-5e29-40df-a9b2-e6f81ae75865', 'Office Chair', NULL, '1f34fae5-830b-4c6c-9092-7ea7c1f11433', NULL, 10, 0, NULL, NULL, NULL, '2025-05-01 12:41:17', '2025-05-01 12:41:17');

-- Table structure for table `item_requests`
DROP TABLE IF EXISTS `item_requests`;
CREATE TABLE `item_requests` (
  `id` varchar(36) NOT NULL,
  `title` varchar(255) NOT NULL,
  `description` text NOT NULL,
  `category_id` varchar(36) NOT NULL,
  `priority` enum('low','medium','high','critical') NOT NULL,
  `status` enum('draft','pending','approved','rejected','fulfilled') NOT NULL,
  `user_id` varchar(36) NOT NULL,
  `created_at` timestamp NOT NULL DEFAULT CURRENT_TIMESTAMP,
  `updated_at` timestamp NOT NULL DEFAULT CURRENT_TIMESTAMP ON UPDATE CURRENT_TIMESTAMP,
  `approved_at` timestamp NULL DEFAULT NULL,
  `approved_by` varchar(36) DEFAULT NULL,
  `rejected_at` timestamp NULL DEFAULT NULL,
  `rejected_by` varchar(36) DEFAULT NULL,
  `rejection_reason` text,
  `fulfillment_date` timestamp NULL DEFAULT NULL,
  `quantity` int NOT NULL DEFAULT '1',
  `inventory_item_id` varchar(36) DEFAULT NULL,
  PRIMARY KEY (`id`),
  KEY `category_id` (`category_id`),
  KEY `user_id` (`user_id`),
  KEY `approved_by` (`approved_by`),
  KEY `rejected_by` (`rejected_by`),
  KEY `fk_inventory_item` (`inventory_item_id`)
) ENGINE=InnoDB DEFAULT CHARSET=latin1;

-- Data for table `item_requests`
INSERT INTO `item_requests` VALUES
('0cca7d8a-6d0b-46b2-b815-286ff1dc93fc', 'Bengkel', 'nnnnnn', '58043a89-b0f8-4235-93af-3cc1b83fb4f9', 'medium', 'pending', '89590657-dc7d-4541-8316-8f0b10c993cc', '2025-05-02 22:55:39', '2025-05-02 22:55:39', NULL, NULL, NULL, NULL, NULL, NULL, 1, 'fd92b514-cd90-4f62-a884-12237d5885dc'),
('12122cb4-edf3-468a-b9df-2d70d1f30430', 'Direct Insert Test', 'This is a test request inserted directly into the database', '1f34fae5-830b-4c6c-9092-7ea7c1f11433', 'medium', 'pending', '733dce62-3971-4448-8fc7-2d5e77928b00', '2025-05-02 09:35:08', '2025-05-02 22:05:35', NULL, NULL, NULL, NULL, NULL, NULL, 1, NULL),
('1746088141544', 'Request for Filing Cabinet', 'kkkkkkk', '1f34fae5-830b-4c6c-9092-7ea7c1f11433', 'low', 'pending', '733dce62-3971-4448-8fc7-2d5e77928b00', '2025-05-01 08:29:02', '2025-05-01 08:29:02', NULL, NULL, NULL, NULL, NULL, NULL, 1, NULL),
('25d67ba7-a2b8-4815-9e09-5db474fa95ac', 'New Laptop Request', 'Need a new laptop for development work', '1f34fae5-830b-4c6c-9092-7ea7c1f11433', 'high', 'approved', '8037e703-807f-43de-a378-cc6305d69bb0', '2025-05-01 08:05:16', '2025-05-01 08:05:16', '2025-05-01 08:05:16', '733dce62-3971-4448-8fc7-2d5e77928b00', NULL, NULL, NULL, NULL, 1, NULL),
('2dc53600-8014-4016-b448-1fe4d05ef85f', 'pembelajaran', 'mmm', '58043a89-b0f8-4235-93af-3cc1b83fb4f9', 'medium', 'fulfilled', '89590657-dc7d-4541-8316-8f0b10c993cc', '2025-05-02 21:58:50', '2025-05-02 22:54:23', '2025-05-02 22:54:20', '89590657-dc7d-4541-8316-8f0b10c993cc', NULL, NULL, NULL, '2025-05-02 22:54:24', 1, NULL),
('53c9e13d-e117-42a7-ae11-b5be06441d5d', 'pembelajaran', 'gggg', '58043a89-b0f8-4235-93af-3cc1b83fb4f9', 'medium', 'pending', '89590657-dc7d-4541-8316-8f0b10c993cc', '2025-05-02 23:49:39', '2025-05-02 23:49:39', NULL, NULL, NULL, NULL, NULL, '2025-05-03 00:00:00', 2, '3f55635a-3dff-4679-838b-26051a53a132'),
('5e4d0550-c778-48f2-a581-f63244983625', 'pembelajaran', 'bbbbbbbb', '1f34fae5-830b-4c6c-9092-7ea7c1f11433', 'medium', 'pending', '733dce62-3971-4448-8fc7-2d5e77928b00', '2025-05-01 09:58:52', '2025-05-01 09:58:52', NULL, NULL, NULL, NULL, NULL, NULL, 1, '2b3c4d5e-6f7g-8h9i-0j1k-2l3m4n5o6p7q'),
('7f3dbded-a117-4eea-993a-50f5dcf55729', 'dddd', 'aaaaa', '58043a89-b0f8-4235-93af-3cc1b83fb4f9', 'medium', 'pending', '5cf55c94-492e-4481-af5b-11b1cf352c4e', '2025-05-03 08:14:47', '2025-05-03 08:14:47', NULL, NULL, NULL, NULL, NULL, NULL, 1, '3f55635a-3dff-4679-838b-26051a53a132'),
('8e59817c-c4ae-4403-8338-4981eeb756d2', 'Request Insert Test', 'This is a test request inserted directly into the database', '1f34fae5-830b-4c6c-9092-7ea7c1f11433', 'medium', 'pending', '733dce62-3971-4448-8fc7-2d5e77928b00', '2025-05-02 09:41:40', '2025-05-02 09:41:40', NULL, NULL, NULL, NULL, NULL, NULL, 1, NULL),
('92cbe39a-e888-41a5-bcb3-42e8ad0e6753', 'Request for Executive Desk', 'kjjjjjjjjjj', '1f34fae5-830b-4c6c-9092-7ea7c1f11433', 'medium', 'pending', '733dce62-3971-4448-8fc7-2d5e77928b00', '2025-05-01 08:42:10', '2025-05-01 08:42:10', NULL, NULL, NULL, NULL, NULL, NULL, 1, NULL),
('e8551aad-c3e3-4967-abd0-131b3eb52dc2', 'pembelajaran', 'bbbbbbbb', '1f34fae5-830b-4c6c-9092-7ea7c1f11433', 'medium', 'pending', '733dce62-3971-4448-8fc7-2d5e77928b00', '2025-05-01 09:58:51', '2025-05-01 09:58:51', NULL, NULL, NULL, NULL, NULL, NULL, 10, '1a2b3c4d-5e6f-7g8h-9i0j-1k2l3m4n5o6p'),
('efb295d4-8533-4639-a59c-edff680477cb', 'Bengkel', 'jj', '1f34fae5-830b-4c6c-9092-7ea7c1f11433', 'medium', 'pending', '248fde8a-9319-4f1b-b0b5-773d7634d772', '2025-05-03 08:04:53', '2025-05-03 08:04:53', NULL, NULL, NULL, NULL, NULL, '2025-05-03 00:00:00', 1, 'a8c34999-ec6c-4ec4-b953-859584c6c0f0'),
('fdab71bb-9474-4299-af4e-72a67d516824', 'mitra', 'gdddgd', '58043a89-b0f8-4235-93af-3cc1b83fb4f9', 'medium', 'pending', '5cf55c94-492e-4481-af5b-11b1cf352c4e', '2025-05-03 00:34:03', '2025-05-03 00:34:03', NULL, NULL, NULL, NULL, NULL, '2025-05-03 00:00:00', 2, '5dd72bf2-3e7a-4320-b6f8-019ed3cfe24a');

-- Table structure for table `notifications`
DROP TABLE IF EXISTS `notifications`;
CREATE TABLE `notifications` (
  `id` varchar(36) NOT NULL,
  `user_id` varchar(36) NOT NULL,
  `type` enum('request_submitted','request_approved','request_rejected','request_fulfilled','comment_added') NOT NULL,
  `message` text NOT NULL,
  `is_read` tinyint(1) NOT NULL DEFAULT '0',
  `created_at` timestamp NULL DEFAULT CURRENT_TIMESTAMP,
  `related_item_id` varchar(36) DEFAULT NULL,
  PRIMARY KEY (`id`)
) ENGINE=InnoDB DEFAULT CHARSET=utf8mb4 COLLATE=utf8mb4_0900_ai_ci;

-- Data for table `notifications`
INSERT INTO `notifications` VALUES
('08430625-7346-401c-b0c6-1a5a9de220e0', '89590657-dc7d-4541-8316-8f0b10c993cc', 'request_submitted', 'New request: "Request for Filing Cabinet" requires your review', 0, '2025-05-02 20:07:40', '1746088141544'),
('30dfc40c-5da2-4051-8880-9902b639ee10', '89590657-dc7d-4541-8316-8f0b10c993cc', 'request_submitted', 'New request: "New Laptop Request" requires your review', 0, '2025-05-02 20:07:40', '25d67ba7-a2b8-4815-9e09-5db474fa95ac'),
('52db0335-9e85-4aa9-b6d7-490f9a2d72b5', '8037e703-807f-43de-a378-cc6305d69bb0', 'request_submitted', 'Your request for "New Laptop Request" has been submitted', 0, '2025-05-02 20:07:40', '25d67ba7-a2b8-4815-9e09-5db474fa95ac'),
('57186334-0447-4693-b741-897ab9c30d34', '733dce62-3971-4448-8fc7-2d5e77928b00', 'request_submitted', 'Your request for "Direct Insert Test" has been submitted', 0, '2025-05-02 20:07:40', '12122cb4-edf3-468a-b9df-2d70d1f30430'),
('9575b256-ecf8-4411-8ea6-caff8ba2a8ba', '733dce62-3971-4448-8fc7-2d5e77928b00', 'request_submitted', 'Your request for "Request for Filing Cabinet" has been submitted', 0, '2025-05-02 20:07:40', '1746088141544'),
('ba618aff-c64d-466c-8489-789612a21506', '89590657-dc7d-4541-8316-8f0b10c993cc', 'request_submitted', 'New request: "Direct Insert Test" requires your review', 0, '2025-05-02 20:07:40', '12122cb4-edf3-468a-b9df-2d70d1f30430');

-- Table structure for table `users`
DROP TABLE IF EXISTS `users`;
CREATE TABLE `users` (
  `id` varchar(36) NOT NULL,
  `name` varchar(255) NOT NULL,
  `email` varchar(255) NOT NULL,
  `password` varchar(255) NOT NULL,
  `role` enum('admin','manager','user') NOT NULL,
  `department` varchar(100) DEFAULT NULL,
  `avatar_url` varchar(255) DEFAULT NULL,
  `created_at` timestamp NULL DEFAULT CURRENT_TIMESTAMP,
  PRIMARY KEY (`id`),
  UNIQUE KEY `email` (`email`)
) ENGINE=InnoDB DEFAULT CHARSET=utf8mb4 COLLATE=utf8mb4_0900_ai_ci;

-- Data for table `users`
INSERT INTO `users` VALUES
('5cf55c94-492e-4481-af5b-11b1cf352c4e', 'Diva', 'diva@example.com', '$2b$10$HfZsGe.HnqKdHQEAkK5IS.3QjINfqzbjXj1baUk2up9KTm6eUAaYm', 'user', 'GA', NULL, '2025-05-03 00:07:00'),
('89590657-dc7d-4541-8316-8f0b10c993cc', 'Intan', 'intan@example.com', 'password', 'admin', 'GA', '', '2025-05-02 20:05:37'),
('8a30d92b-df91-4f81-b3a0-ab6118f5bfdb', 'Gudang Mitra Admin', 'admin@gudangmitra.com', 'password', 'admin', 'IT', NULL, '2025-05-02 20:10:47'),
('af51751a-2fb9-4292-a7cf-4d914325466d', 'Nug', 'nugg@example.com', '$2b$10$le6mCwNtCv14Iuowx1UTNez2KAxThoGMflOCleiLkqfKaLHu6pAUK', 'manager', 'Webdev', '', '2025-05-02 22:22:04');

