SET FOREIGN_KEY_CHECKS=0;

TRUNCATE TABLE notifications;
TRUNCATE TABLE comments;
TRUNCATE TABLE item_requests;
TRUNCATE TABLE inventory_items;
TRUNCATE TABLE categories;
TRUNCATE TABLE users;

SET FOREIGN_KEY_CHECKS=1;

-- Insert users
INSERT INTO users (id, name, email, password, role, avatar_url, department, created_at) VALUES
('a55585c0-9cc9-4d6a-a952-211ccd70a8e2', 'Admin User', 'admin@gudangmitra.com', '$2b$10$TkIhkZz0ur0OGbmOTp9uMeuyB64L8opCa9AWTNBxHdHOnFEitUFO.', 'admin', 'https://i.pravatar.cc/150?img=1', 'IT', '2025-04-03 13:52:22'),
('2a7b65a4-97c1-4f99-8ca1-548cb0442954', 'Manager User', 'manager@gudangmitra.com', '$2b$10$TkIhkZz0ur0OGbmOTp9uMeuyB64L8opCa9AWTNBxHdHOnFEitUFO.', 'manager', 'https://i.pravatar.cc/150?img=2', 'Operations', '2025-04-14 13:52:22'),
('fd0b90ed-8e54-4d5f-a808-849a0b2abe5f', 'John Doe', 'john@gudangmitra.com', '$2b$10$TkIhkZz0ur0OGbmOTp9uMeuyB64L8opCa9AWTNBxHdHOnFEitUFO.', 'user', 'https://i.pravatar.cc/150?img=3', 'Marketing', '2025-03-22 13:52:22'),
('73b825c9-2ed5-46c8-9c0a-f9f8b074b977', 'Jane Smith', 'jane@gudangmitra.com', '$2b$10$TkIhkZz0ur0OGbmOTp9uMeuyB64L8opCa9AWTNBxHdHOnFEitUFO.', 'user', 'https://i.pravatar.cc/150?img=4', 'Sales', '2025-04-30 13:52:22'),
('41faf1da-183f-483c-b0ce-832b25d65dc3', 'Bob Johnson', 'bob@gudangmitra.com', '$2b$10$TkIhkZz0ur0OGbmOTp9uMeuyB64L8opCa9AWTNBxHdHOnFEitUFO.', 'user', 'https://i.pravatar.cc/150?img=5', 'Finance', '2025-04-29 13:52:22');

-- Insert categories
INSERT INTO categories (id, name, description, created_at) VALUES
('4ff8ae77-ff6e-442b-884e-079479e921e5', 'Hardware', 'Computer hardware, peripherals, and accessories', '2025-03-13 13:52:22'),
('c32ebd01-a961-414e-893c-21e1d06624bd', 'Software', 'Software licenses, applications, and services', '2025-03-09 13:52:22'),
('14d04ee5-14b6-4ffd-9712-f49bd684dfe0', 'Office Supplies', 'General office supplies and stationery', '2025-04-04 13:52:22'),
('0347edb3-09b6-435e-ae75-223e4b330a84', 'Furniture', 'Office furniture and fixtures', '2025-04-08 13:52:22'),
('dec04df8-1401-41a6-9c03-6f055f2aa370', 'Training', 'Professional development and training resources', '2025-04-06 13:52:22');

-- Insert item requests
INSERT INTO item_requests (id, title, description, category_id, priority, status, user_id, created_at, updated_at, approved_at, approved_by, rejected_at, rejected_by, rejection_reason, fulfillment_date, quantity) VALUES
('9599ce5f-9c4c-4453-8f12-daccc46d780d', 'New Laptop', 'Need a new MacBook Pro for development work', '4ff8ae77-ff6e-442b-884e-079479e921e5', 'high', 'approved', 'fd0b90ed-8e54-4d5f-a808-849a0b2abe5f', '2025-05-01 13:52:22', '2025-04-21 13:52:22', '2025-05-02 13:52:22', 'a55585c0-9cc9-4d6a-a952-211ccd70a8e2', NULL, NULL, NULL, '2025-04-26 13:52:22', 1),
('2f881417-e1a4-4ee7-a7fa-8c3e5b088317', 'Adobe Creative Cloud License', 'Annual subscription for the design team', 'c32ebd01-a961-414e-893c-21e1d06624bd', 'medium', 'pending', '73b825c9-2ed5-46c8-9c0a-f9f8b074b977', '2025-04-23 13:52:22', '2025-04-20 13:52:22', NULL, NULL, NULL, NULL, NULL, NULL, 5),
('a630cef9-020a-44cb-9de6-de8953c9ef9c', 'Office Desk Chair', 'Ergonomic chair for back support', '0347edb3-09b6-435e-ae75-223e4b330a84', 'low', 'rejected', '41faf1da-183f-483c-b0ce-832b25d65dc3', '2025-04-18 13:52:22', '2025-03-25 13:52:22', NULL, NULL, '2025-05-02 13:52:22', '2a7b65a4-97c1-4f99-8ca1-548cb0442954', 'Budget constraints. Please resubmit in Q3.', NULL, 1),
('48157335-051f-41e5-92ca-2133d2816849', 'Conference Room Projector', 'Need a new 4K projector for the main conference room', '4ff8ae77-ff6e-442b-884e-079479e921e5', 'critical', 'pending', '73b825c9-2ed5-46c8-9c0a-f9f8b074b977', '2025-04-26 13:52:22', '2025-04-29 13:52:22', NULL, NULL, NULL, NULL, NULL, NULL, 1),
('e8a09353-70e2-4f9a-bde9-639ea1cd78ee', 'React Advanced Training Course', 'Online course for the frontend development team', 'dec04df8-1401-41a6-9c03-6f055f2aa370', 'medium', 'draft', 'fd0b90ed-8e54-4d5f-a808-849a0b2abe5f', '2025-05-01 13:52:22', '2025-05-01 13:52:22', NULL, NULL, NULL, NULL, NULL, NULL, 3),
('99322d2f-b0ff-4a96-9a30-4afbf0176a46', 'Office Stationery', 'Pens, notebooks, and other office supplies', '14d04ee5-14b6-4ffd-9712-f49bd684dfe0', 'low', 'approved', '41faf1da-183f-483c-b0ce-832b25d65dc3', '2025-05-01 13:52:22', '2025-04-18 13:52:22', '2025-04-21 13:52:22', '2a7b65a4-97c1-4f99-8ca1-548cb0442954', NULL, NULL, NULL, '2025-04-09 13:52:22', 20),
('543b26fe-dac6-413f-b372-bbc847c9b2d2', 'Wireless Keyboard and Mouse', 'Logitech MX Master combo for design team', '4ff8ae77-ff6e-442b-884e-079479e921e5', 'medium', 'fulfilled', '73b825c9-2ed5-46c8-9c0a-f9f8b074b977', '2025-03-29 13:52:22', '2025-04-16 13:52:22', '2025-03-19 13:52:22', 'a55585c0-9cc9-4d6a-a952-211ccd70a8e2', NULL, NULL, NULL, '2025-04-05 13:52:22', 3),
('97926451-65bc-49ef-ae6b-5d091c933b09', 'Microsoft Office 365 Licenses', 'Annual subscription renewal for the company', 'c32ebd01-a961-414e-893c-21e1d06624bd', 'high', 'approved', 'fd0b90ed-8e54-4d5f-a808-849a0b2abe5f', '2025-04-20 13:52:22', '2025-04-28 13:52:22', '2025-04-26 13:52:22', 'a55585c0-9cc9-4d6a-a952-211ccd70a8e2', NULL, NULL, NULL, NULL, 50),
('a4b291ea-e8e5-4401-8b8f-87aff07f06d7', 'Meeting Room Whiteboard', 'Large magnetic whiteboard for brainstorming sessions', '0347edb3-09b6-435e-ae75-223e4b330a84', 'low', 'pending', '41faf1da-183f-483c-b0ce-832b25d65dc3', '2025-04-30 13:52:22', '2025-04-30 13:52:22', NULL, NULL, NULL, NULL, NULL, NULL, 2),
('f501fb1c-c19f-470c-a430-53d18a13ac56', 'UX Design Workshop', 'Two-day workshop for the product team', 'dec04df8-1401-41a6-9c03-6f055f2aa370', 'medium', 'draft', '73b825c9-2ed5-46c8-9c0a-f9f8b074b977', '2025-05-02 13:52:22', '2025-05-02 13:52:22', NULL, NULL, NULL, NULL, NULL, NULL, 8);

-- Insert comments
INSERT INTO comments (id, request_id, user_id, content, created_at) VALUES
('6d7d0d67-8242-42a0-ae77-873290e64baf', '9599ce5f-9c4c-4453-8f12-daccc46d780d', 'a55585c0-9cc9-4d6a-a952-211ccd70a8e2', 'This request has been approved. We will procure the laptop within the next 2 business days.', '2025-04-16 13:52:22'),
('f3f186c5-00d9-4dab-b91b-bfb351794cbb', '9599ce5f-9c4c-4453-8f12-daccc46d780d', 'fd0b90ed-8e54-4d5f-a808-849a0b2abe5f', 'Thank you for the quick approval!', '2025-05-01 13:52:22'),
('b68f4761-5d2b-4375-bd9c-5e4b5b8926d2', 'a630cef9-020a-44cb-9de6-de8953c9ef9c', '2a7b65a4-97c1-4f99-8ca1-548cb0442954', 'Unfortunately, we need to reject this request due to budget constraints. Please resubmit in Q3.', '2025-04-21 13:52:22'),
('5e140809-1498-489c-837d-fc4ae2a8ffd7', 'a630cef9-020a-44cb-9de6-de8953c9ef9c', '41faf1da-183f-483c-b0ce-832b25d65dc3', 'Understood. I will resubmit in Q3.', '2025-04-24 13:52:22'),
('f4fe2316-7e6e-491b-b30f-ac5333df7ff4', '2f881417-e1a4-4ee7-a7fa-8c3e5b088317', 'a55585c0-9cc9-4d6a-a952-211ccd70a8e2', 'Can you provide more details about which specific Adobe products are needed?', '2025-04-26 13:52:22'),
('19b87566-c71d-4697-a0ed-11735d26bf04', '2f881417-e1a4-4ee7-a7fa-8c3e5b088317', '73b825c9-2ed5-46c8-9c0a-f9f8b074b977', 'We need the complete Creative Cloud suite including Photoshop, Illustrator, and InDesign.', '2025-04-26 13:52:22'),
('9260f6da-70d5-4416-95d7-69d6015df726', '48157335-051f-41e5-92ca-2133d2816849', '2a7b65a4-97c1-4f99-8ca1-548cb0442954', 'Is this for the main conference room or the smaller meeting room?', '2025-04-26 13:52:22'),
('3f3dc3af-a7cb-45c5-8853-00cae250a044', '48157335-051f-41e5-92ca-2133d2816849', '73b825c9-2ed5-46c8-9c0a-f9f8b074b977', 'This is for the main conference room. The current projector is showing signs of failure.', '2025-05-01 13:52:22'),
('e2543e28-f126-43f5-90cb-29402998f64f', '99322d2f-b0ff-4a96-9a30-4afbf0176a46', '2a7b65a4-97c1-4f99-8ca1-548cb0442954', 'Approved. Please coordinate with the office manager for fulfillment.', '2025-04-18 13:52:22'),
('4625ce29-32dc-43f2-8a00-dce9ffe77afd', '543b26fe-dac6-413f-b372-bbc847c9b2d2', 'a55585c0-9cc9-4d6a-a952-211ccd70a8e2', 'Approved. These will be ordered today.', '2025-04-19 13:52:22'),
('d4440d56-8562-4867-9550-4bb7d5b01305', '543b26fe-dac6-413f-b372-bbc847c9b2d2', '73b825c9-2ed5-46c8-9c0a-f9f8b074b977', 'Great, thank you!', '2025-04-03 13:52:22'),
('2d99b9e2-0270-4808-97c4-7c1a8c5ac987', '97926451-65bc-49ef-ae6b-5d091c933b09', 'a55585c0-9cc9-4d6a-a952-211ccd70a8e2', 'This is a critical renewal. Approved.', '2025-05-02 13:52:22'),
('cbcfe98c-74d6-463e-baf6-50b2c12fac10', 'a4b291ea-e8e5-4401-8b8f-87aff07f06d7', '2a7b65a4-97c1-4f99-8ca1-548cb0442954', 'We need to check if there is wall space available in the meeting room.', '2025-04-24 13:52:22'),
('385230d4-63cb-4b50-bfb3-3f6a2bacd3e9', 'a4b291ea-e8e5-4401-8b8f-87aff07f06d7', '41faf1da-183f-483c-b0ce-832b25d65dc3', 'I have checked and there is sufficient space on the east wall.', '2025-04-28 13:52:22'),
('cdac4019-5b66-43dc-9744-5ee72b4e01fb', 'f501fb1c-c19f-470c-a430-53d18a13ac56', '2a7b65a4-97c1-4f99-8ca1-548cb0442954', 'Please provide more details about the workshop provider and cost.', '2025-05-01 13:52:22');

-- Insert notifications
INSERT INTO notifications (id, user_id, type, message, is_read, created_at, related_item_id) VALUES
('8c4c311d-42ac-4102-8632-446d7631c691', 'fd0b90ed-8e54-4d5f-a808-849a0b2abe5f', 'request_approved', 'Your request for "New Laptop" has been approved', 1, '2025-04-16 13:52:22', '9599ce5f-9c4c-4453-8f12-daccc46d780d'),
('0c8c6ae3-77b6-41c3-8f7d-07b56f7020fe', '41faf1da-183f-483c-b0ce-832b25d65dc3', 'request_rejected', 'Your request for "Office Desk Chair" has been rejected', 0, '2025-04-04 13:52:22', 'a630cef9-020a-44cb-9de6-de8953c9ef9c'),
('64a61739-7c92-4ffc-9a12-d406ac9fe26c', '73b825c9-2ed5-46c8-9c0a-f9f8b074b977', 'request_submitted', 'Your request for "Adobe Creative Cloud License" has been submitted', 1, '2025-04-22 13:52:22', '2f881417-e1a4-4ee7-a7fa-8c3e5b088317'),
('59b25e46-6257-4409-b157-2784b9cdce9b', 'a55585c0-9cc9-4d6a-a952-211ccd70a8e2', 'request_submitted', 'New request: "Conference Room Projector" requires your review', 0, '2025-04-23 13:52:22', '48157335-051f-41e5-92ca-2133d2816849'),
('ade4d658-08d7-40c3-93cc-0bf6ee232725', '73b825c9-2ed5-46c8-9c0a-f9f8b074b977', 'comment_added', 'Admin User commented on your request "Adobe Creative Cloud License"', 1, '2025-04-17 13:52:22', '2f881417-e1a4-4ee7-a7fa-8c3e5b088317'),
('fffe78fe-2ce7-4371-9371-a9940de504a2', 'a55585c0-9cc9-4d6a-a952-211ccd70a8e2', 'comment_added', 'Jane Smith replied to your comment on "Adobe Creative Cloud License"', 0, '2025-04-27 13:52:22', '2f881417-e1a4-4ee7-a7fa-8c3e5b088317'),
('8fd17988-7dcd-46e7-8c61-628fc67ddf10', '41faf1da-183f-483c-b0ce-832b25d65dc3', 'request_approved', 'Your request for "Office Stationery" has been approved', 1, '2025-04-09 13:52:22', '99322d2f-b0ff-4a96-9a30-4afbf0176a46'),
('92e2c778-53ab-4705-b898-03ac21ad035e', '73b825c9-2ed5-46c8-9c0a-f9f8b074b977', 'request_fulfilled', 'Your request for "Wireless Keyboard and Mouse" has been fulfilled', 1, '2025-03-26 13:52:22', '543b26fe-dac6-413f-b372-bbc847c9b2d2'),
('09ebdcaa-0031-49c8-a807-808fdb4ae863', 'fd0b90ed-8e54-4d5f-a808-849a0b2abe5f', 'request_approved', 'Your request for "Microsoft Office 365 Licenses" has been approved', 0, '2025-04-26 13:52:22', '97926451-65bc-49ef-ae6b-5d091c933b09'),
('4e3cf67a-47f3-4ec8-a994-386e7b6d3a7d', '2a7b65a4-97c1-4f99-8ca1-548cb0442954', 'request_submitted', 'New request: "Meeting Room Whiteboard" requires your review', 1, '2025-04-29 13:52:22', 'a4b291ea-e8e5-4401-8b8f-87aff07f06d7'),
('532810d6-6154-4548-a808-89baad5a3a4e', '41faf1da-183f-483c-b0ce-832b25d65dc3', 'comment_added', 'Manager User commented on your request "Meeting Room Whiteboard"', 0, '2025-04-19 13:52:22', 'a4b291ea-e8e5-4401-8b8f-87aff07f06d7'),
('42358be2-ce12-4134-abf4-f3c0a93e5cc1', '2a7b65a4-97c1-4f99-8ca1-548cb0442954', 'comment_added', 'Bob Johnson replied to your comment on "Meeting Room Whiteboard"', 0, '2025-04-29 13:52:22', 'a4b291ea-e8e5-4401-8b8f-87aff07f06d7'),
('2c34f79e-612b-437e-9415-0be46d98123e', '73b825c9-2ed5-46c8-9c0a-f9f8b074b977', 'request_submitted', 'Your request for "UX Design Workshop" has been saved as draft', 1, '2025-05-01 13:52:22', 'f501fb1c-c19f-470c-a430-53d18a13ac56'),
('963a6231-3594-4c62-909d-7491b6d29444', '73b825c9-2ed5-46c8-9c0a-f9f8b074b977', 'comment_added', 'Manager User commented on your request "UX Design Workshop"', 0, '2025-05-02 13:52:22', 'f501fb1c-c19f-470c-a430-53d18a13ac56'),
('e94c3ab4-885b-48ae-a23d-0b9b3de69e7b', 'a55585c0-9cc9-4d6a-a952-211ccd70a8e2', 'request_submitted', 'New request: "React Advanced Training Course" requires your review', 0, '2025-04-29 13:52:22', 'e8a09353-70e2-4f9a-bde9-639ea1cd78ee');

-- Insert inventory items
INSERT INTO inventory_items (id, name, description, category_id, sku, quantity_available, quantity_reserved, unit_price, location, image_url, created_at, updated_at) VALUES
('5c89aaab-6f89-4dd7-9ad4-2187e7dfb727', 'Dell XPS 15 Laptop', 'High-performance laptop with 16GB RAM, 512GB SSD, and Intel Core i7', '4ff8ae77-ff6e-442b-884e-079479e921e5', 'DELL-XPS15-001', 10, 2, 1799.99, 'IT Storage Room', 'https://i.dell.com/is/image/DellContent/content/dam/ss2/product-images/dell-client-products/notebooks/xps-notebooks/xps-15-9520/media-gallery/black/laptop-xps-9520-t-black-gallery-1.psd?fmt=png-alpha&pscan=auto&scl=1&hei=402&wid=402&qlt=100,1&resMode=sharp2&size=402,402', '2025-04-20 13:52:22', '2025-04-11 13:52:22'),
('253e094c-6f09-45c6-a889-5e0c43c7c339', 'HP LaserJet Pro Printer', 'Color laser printer with wireless connectivity and duplex printing', '4ff8ae77-ff6e-442b-884e-079479e921e5', 'HP-LJ-001', 5, 1, 399.99, 'IT Storage Room', 'https://ssl-product-images.www8-hp.com/digmedialib/prodimg/lowres/c06721299.png', '2025-03-16 13:52:22', '2025-04-19 13:52:22'),
('2b6d0cc8-95c6-4702-8cc0-10cc9788f874', 'Adobe Creative Cloud License', 'Annual subscription for Adobe Creative Cloud including Photoshop, Illustrator, and more', 'c32ebd01-a961-414e-893c-21e1d06624bd', 'ADOBE-CC-001', 25, 0, 599.99, 'Digital Inventory', 'https://www.adobe.com/content/dam/cc/icons/Adobe_Corporate_Horizontal_Red_HEX.svg', '2025-05-02 13:52:22', '2025-04-12 13:52:22'),
('27b84849-c5bc-49f9-b02a-9bc346ccb03d', 'Microsoft Office 365 License', 'Annual subscription for Microsoft Office 365 including Word, Excel, PowerPoint, and more', 'c32ebd01-a961-414e-893c-21e1d06624bd', 'MS-O365-001', 50, 5, 99.99, 'Digital Inventory', 'https://img-prod-cms-rt-microsoft-com.akamaized.net/cms/api/am/imageFileData/RE1Mu3b?ver=5c31', '2025-02-09 13:52:22', '2025-04-24 13:52:22'),
('2ac15160-6300-415b-a0e0-4c7514d8af64', 'Whiteboard Markers', 'Pack of 12 assorted color whiteboard markers', '14d04ee5-14b6-4ffd-9712-f49bd684dfe0', 'MARKER-001', 50, 0, 12.99, 'Supply Closet', 'https://m.media-amazon.com/images/I/71R9vliJbaL._AC_UF894,1000_QL80_.jpg', '2025-02-15 13:52:22', '2025-04-04 13:52:22'),
('76c06ed3-3594-42de-9914-49e250dbc317', 'Sticky Notes', 'Pack of 12 sticky note pads, assorted colors', '14d04ee5-14b6-4ffd-9712-f49bd684dfe0', 'STICKY-001', 100, 0, 9.99, 'Supply Closet', 'https://m.media-amazon.com/images/I/71Jen5vgNvL._AC_UF894,1000_QL80_.jpg', '2025-03-20 13:52:22', '2025-04-29 13:52:22'),
('28b5c03f-8d59-49a1-9899-added6f97248', 'Ergonomic Office Chair', 'Adjustable ergonomic office chair with lumbar support', '0347edb3-09b6-435e-ae75-223e4b330a84', 'CHAIR-001', 15, 3, 249.99, 'Warehouse B', 'https://m.media-amazon.com/images/I/71+Y3+Vj3RL._AC_UF1000,1000_QL80_.jpg', '2025-02-07 13:52:22', '2025-05-02 13:52:22'),
('e4a92285-e22d-4b80-a41b-8428d23ccb52', 'Adjustable Standing Desk', 'Electric height-adjustable standing desk with memory settings', '0347edb3-09b6-435e-ae75-223e4b330a84', 'DESK-001', 8, 2, 499.99, 'Warehouse B', 'https://m.media-amazon.com/images/I/71Vg1stgOML._AC_UF894,1000_QL80_.jpg', '2025-03-10 13:52:22', '2025-04-22 13:52:22'),
('5b1274f6-a731-405d-af0c-d20ed1f9f3e5', 'UX Design Workshop', 'Two-day workshop for the product team on UX design principles', 'dec04df8-1401-41a6-9c03-6f055f2aa370', 'TRAIN-UX-001', 10, 0, 1200, 'Training Center', 'https://img.freepik.com/free-vector/gradient-ui-ux-background_23-2149052117.jpg', '2025-04-29 13:52:22', '2025-04-18 13:52:22'),
('69d699a7-350a-4aeb-bec4-5def559bece6', 'Project Management Certification', 'PMP certification training and exam voucher', 'dec04df8-1401-41a6-9c03-6f055f2aa370', 'TRAIN-PMP-001', 5, 1, 1500, 'Training Center', 'https://www.pmi.org/-/media/pmi/other-images/certifications/pmp/pmp-cert-500px.png', '2025-03-22 13:52:22', '2025-04-06 13:52:22'),
('a1a92ad2-b7ea-44d2-9cfc-e3d1fb6c5431', 'Wireless Keyboard and Mouse Combo', 'Logitech MX Master wireless keyboard and mouse combo', '4ff8ae77-ff6e-442b-884e-079479e921e5', 'LOG-MX-001', 20, 0, 149.99, 'IT Storage Room', 'https://resource.logitech.com/content/dam/logitech/en/products/combos/mx-keys-combo/gallery/mx-keys-combo-gallery-1.png', '2025-03-23 13:52:22', '2025-04-29 13:52:22'),
('1ced1a98-e6e6-433f-88f3-7eebfda74bc1', '27-inch 4K Monitor', 'Dell UltraSharp 27-inch 4K monitor with USB-C connectivity', '4ff8ae77-ff6e-442b-884e-079479e921e5', 'DELL-MON-001', 12, 2, 499.99, 'IT Storage Room', 'https://i.dell.com/is/image/DellContent/content/dam/ss2/product-images/dell-client-products/peripherals/monitors/u-series/u2720q/global-spi/monitor-u2720q-campaign-hero-504x350-ng.psd?fmt=jpg', '2025-03-04 13:52:22', '2025-04-19 13:52:22'),
('475050a3-3ca4-4f1b-8b07-0ce92633560a', 'Windows 11 Pro License', 'Windows 11 Professional edition license key', 'c32ebd01-a961-414e-893c-21e1d06624bd', 'MS-WIN11-001', 30, 0, 199.99, 'Digital Inventory', 'https://img-prod-cms-rt-microsoft-com.akamaized.net/cms/api/am/imageFileData/RWBrzy?ver=85d4', '2025-04-07 13:52:22', '2025-04-15 13:52:22'),
('4523e5aa-0986-44d4-815c-95b45714aeab', 'Premium Ballpoint Pens', 'Box of 12 premium ballpoint pens, black ink', '14d04ee5-14b6-4ffd-9712-f49bd684dfe0', 'PEN-001', 200, 0, 24.99, 'Supply Closet', 'https://m.media-amazon.com/images/I/71nJxZ9AUrL._AC_UF894,1000_QL80_.jpg', '2025-03-04 13:52:22', '2025-04-03 13:52:22'),
('88bc5fcf-98f3-4973-af01-ddf0f36d28a4', 'Conference Table', '10-person oval conference table with cable management', '0347edb3-09b6-435e-ae75-223e4b330a84', 'TABLE-001', 3, 0, 1299.99, 'Warehouse B', 'https://m.media-amazon.com/images/I/61sMkiPsErL._AC_UF894,1000_QL80_.jpg', '2025-04-05 13:52:22', '2025-04-24 13:52:22'),
('44e62afb-88a7-4c92-88c8-bbd9ba1eab80', 'Leadership Training Course', 'Three-day leadership development program for managers', 'dec04df8-1401-41a6-9c03-6f055f2aa370', 'TRAIN-LEAD-001', 8, 2, 2000, 'Training Center', 'https://img.freepik.com/free-vector/gradient-leadership-concept_23-2149166905.jpg', '2025-02-22 13:52:22', '2025-04-27 13:52:22'),
('dd45a289-e4e6-4635-9bc4-a7140939989e', 'External SSD Drive', '1TB portable SSD drive with USB-C connection', '4ff8ae77-ff6e-442b-884e-079479e921e5', 'SSD-001', 15, 0, 149.99, 'IT Storage Room', 'https://m.media-amazon.com/images/I/81WFOh4QRcL._AC_UF894,1000_QL80_.jpg', '2025-02-05 13:52:22', '2025-04-03 13:52:22'),
('fe4af47d-2f54-430a-87a8-11b2c3381eb9', 'Antivirus Software License', 'Enterprise antivirus software license, 1-year subscription', 'c32ebd01-a961-414e-893c-21e1d06624bd', 'AV-001', 100, 0, 49.99, 'Digital Inventory', 'https://img.freepik.com/free-vector/cyber-security-concept_23-2148532223.jpg', '2025-03-31 13:52:22', '2025-04-18 13:52:22'),
('16284d26-f1f1-46c2-9667-313a7ee3b1a5', 'Premium Notebooks', 'Pack of 5 hardcover notebooks, lined pages', '14d04ee5-14b6-4ffd-9712-f49bd684dfe0', 'NOTE-001', 75, 0, 29.99, 'Supply Closet', 'https://m.media-amazon.com/images/I/71JDAPnlCSL._AC_UF894,1000_QL80_.jpg', '2025-03-29 13:52:22', '2025-04-08 13:52:22'),
('12b0341c-c677-4ba2-8be5-99859571258d', 'Bookshelf', '5-shelf bookcase for office or meeting room', '0347edb3-09b6-435e-ae75-223e4b330a84', 'SHELF-001', 6, 0, 199.99, 'Warehouse B', 'https://m.media-amazon.com/images/I/71LKH-IDmYL._AC_UF894,1000_QL80_.jpg', '2025-04-13 13:52:22', '2025-04-17 13:52:22');

